{
  "config": {
    "algorithm": "synflow",
    "model_name": "resnet20",
    "dataset_name": "cifar10",
    "num_classes": 10,
    "rho": 2.5,
    "synflow_iters": 100,
    "epochs": 160,
    "batch_size": 128,
    "learning_rate": 0.1,
    "momentum": 0.9,
    "weight_decay": 0.0001,
    "lr_milestones": [
      80,
      120
    ],
    "lr_gamma": 0.1,
    "seed": 42
  },
  "pruning": {
    "overall_sparsity": 0.6000051680349654,
    "layer_sparsities": {
      "conv1": 0.011574074074074073,
      "layer1.0.conv1": 0.08506944444444445,
      "layer1.0.conv2": 0.08897569444444445,
      "layer1.1.conv1": 0.08984375,
      "layer1.1.conv2": 0.09418402777777778,
      "layer1.2.conv1": 0.08116319444444445,
      "layer1.2.conv2": 0.08333333333333333,
      "layer2.0.conv1": 0.16905381944444445,
      "layer2.0.conv2": 0.3156467013888889,
      "layer2.0.shortcut.0": 0.779296875,
      "layer2.1.conv1": 0.3080512152777778,
      "layer2.1.conv2": 0.3114149305555556,
      "layer2.2.conv1": 0.3091362847222222,
      "layer2.2.conv2": 0.3130425347222222,
      "layer3.0.conv1": 0.5139431423611112,
      "layer3.0.conv2": 0.7178548177083334,
      "layer3.0.shortcut.0": 0.9990234375,
      "layer3.1.conv1": 0.7315266927083334,
      "layer3.1.conv2": 0.7278645833333334,
      "layer3.2.conv1": 0.7356228298611112,
      "layer3.2.conv2": 0.7288682725694444,
      "linear": 0.05
    },
    "pruning_time_seconds": 2.4369723796844482,
    "synflow_iters": 100
  },
  "training": {
    "train_losses": [
      1.744231331077489,
      1.2920727066018365,
      1.0490927758880637,
      0.8945822866464203,
      0.7793921122158115,
      0.7134047642519529,
      0.6695731385526332,
      0.6200392291965809,
      0.5910730495710265,
      0.5620186819948934,
      0.5403152656826106,
      0.5259029245512052,
      0.5113398729908195,
      0.4911524840545925,
      0.47851904058320954,
      0.4710291707041589,
      0.46135220575061714,
      0.4527856604280797,
      0.4415504817258228,
      0.43644517236812547,
      0.4217682305977426,
      0.41739675792103464,
      0.41049107955768704,
      0.4055544880896129,
      0.40028153419155965,
      0.38861016192558134,
      0.39819284210997546,
      0.38195035399191757,
      0.3800079584629698,
      0.37788472714071925,
      0.37784905363382265,
      0.3709037996913222,
      0.3673925661397251,
      0.3603066398592835,
      0.36116415507752786,
      0.3534357162107798,
      0.3587543257850815,
      0.35194477159529924,
      0.3513305873440748,
      0.3400380924259397,
      0.35021000321615825,
      0.3428976335986094,
      0.3389739593998952,
      0.338016351938925,
      0.3278193037364293,
      0.334978241304105,
      0.33215988148003817,
      0.3269108658317815,
      0.33314578514546156,
      0.32548456537452614,
      0.3247763466259295,
      0.32394739062609995,
      0.3206595833497969,
      0.31850425814363087,
      0.3130416929806498,
      0.32261420346119185,
      0.31935327567837457,
      0.3091404967602681,
      0.31132484202019195,
      0.3103542124259878,
      0.3025350017811764,
      0.31097829600118776,
      0.3089506549506702,
      0.30443014488132164,
      0.30624317327006295,
      0.31010268590497697,
      0.2996762571009723,
      0.3057335424660282,
      0.30663873437284067,
      0.3003335878760977,
      0.30244750021533534,
      0.3023179597221315,
      0.2978380557826974,
      0.2988467565314336,
      0.30047388281673193,
      0.29780801229009574,
      0.2917927484959364,
      0.29948808053847065,
      0.29484636878425424,
      0.2920219798741693,
      0.20921622824177824,
      0.17749784607440233,
      0.16645835803567685,
      0.15808052180165594,
      0.15811441933990203,
      0.15013987887439065,
      0.1447529524607076,
      0.14204093414909122,
      0.1373441050104289,
      0.13554457886229185,
      0.13408383409577337,
      0.13166889151431282,
      0.12943920489950952,
      0.12724104385018686,
      0.12858911183535715,
      0.12371278686491265,
      0.12311413669323718,
      0.12120418388142505,
      0.12018476256740872,
      0.12007635387338021,
      0.1152324390026148,
      0.11580779890275815,
      0.11309800995513797,
      0.1144203243734823,
      0.11090621023057876,
      0.10999224611177025,
      0.10727084259798919,
      0.11140024314888498,
      0.1065349717550403,
      0.10650846308139576,
      0.10534321573901582,
      0.10445295871150764,
      0.10044127915435555,
      0.10253063901539215,
      0.09968798465243625,
      0.10134165202775462,
      0.10018200347390534,
      0.0968449015688913,
      0.09992434667550366,
      0.09968578866259618,
      0.08883422295647589,
      0.08454395303058183,
      0.08390784141903912,
      0.08288920125183226,
      0.08000477647345344,
      0.08157902307258072,
      0.08136969475096768,
      0.08127281261840835,
      0.0774708303294822,
      0.0785440710182725,
      0.07758069528922946,
      0.07748280768811872,
      0.07920497248414904,
      0.07510941444938495,
      0.07850554111858153,
      0.07541004894301295,
      0.0793912001800808,
      0.07651874742904594,
      0.07737508998252451,
      0.07519558833552185,
      0.07677058815236458,
      0.07530246023617854,
      0.07627921494316649,
      0.07653349475532939,
      0.07469848775177855,
      0.07536308934107762,
      0.07170944932361388,
      0.0739109416026622,
      0.07269909773127768,
      0.07314909768650647,
      0.07263935331403362,
      0.07227059303444218,
      0.07425497372804041,
      0.07502361085392874,
      0.0706742661634714,
      0.07302535850216042,
      0.06979350049302659,
      0.07082103360550139,
      0.071249762179584,
      0.07279946309493178
    ],