{
  "config": {
    "algorithm": "grasp",
    "model_name": "resnet20",
    "dataset_name": "cifar10",
    "num_classes": 10,
    "target_sparsity": 0.9,
    "epochs": 160,
    "batch_size": 128,
    "learning_rate": 0.1,
    "momentum": 0.9,
    "weight_decay": 0.0001,
    "lr_milestones": [
      80,
      120
    ],
    "lr_gamma": 0.1,
    "samples_per_class": 10,
    "grasp_T": 200.0,
    "grasp_iters": 1,
    "seed": 42
  },
  "pruning": {
    "overall_sparsity": 0.9000022148721281,
    "layer_sparsities": {
      "conv1": 0.5347222222222222,
      "layer1.0.conv1": 0.6328125,
      "layer1.0.conv2": 0.6614583333333334,
      "layer1.1.conv1": 0.6796875,
      "layer1.1.conv2": 0.6853298611111112,
      "layer1.2.conv1": 0.7083333333333334,
      "layer1.2.conv2": 0.7313368055555556,
      "layer2.0.conv1": 0.7625868055555556,
      "layer2.0.conv2": 0.8244357638888888,
      "layer2.0.shortcut.0": 0.650390625,
      "layer2.1.conv1": 0.8210720486111112,
      "layer2.1.conv2": 0.8319227430555556,
      "layer2.2.conv1": 0.8396267361111112,
      "layer2.2.conv2": 0.8484157986111112,
      "layer3.0.conv1": 0.8866644965277778,
      "layer3.0.conv2": 0.9383409288194444,
      "layer3.0.shortcut.0": 0.76416015625,
      "layer3.1.conv1": 0.9410264756944444,
      "layer3.1.conv2": 0.9401584201388888,
      "layer3.2.conv1": 0.9443630642361112,
      "layer3.2.conv2": 0.9432779947916666,
      "linear": 0.7234375
    }
  },
  "training": {
    "train_losses": [
      1.7705947089601646,
      1.3064370385625146,
      1.0896985688331453,
      0.9619390214370056,
      0.8763208252123811,
      0.8156667714091864,
      0.7683493552560156,
      0.7317413161085411,
      0.7013102201744914,
      0.6843467931347814,
      0.6625419560481202,
      0.6495260162787004,
      0.6313666910441085,
      0.6205866352908991,
      0.6061987204646523,
      0.6084180306643248,
      0.5959046219729565,
      0.5897190962833437,
      0.5744282224808227,
      0.565559019673277,
      0.5669864230704579,
      0.5593103388832374,
      0.5570915376090191,
      0.5499730539423499,
      0.5454163652929392,
      0.5415285520086234,
      0.5367749893868511,
      0.5383038932288234,
      0.5319708258929577,
      0.5285202287645503,
      0.5196905601769686,
      0.5204696888950738,
      0.5134420212019574,
      0.5146673061800274,
      0.5110643632201985,
      0.5088150484318082,
      0.5153203493153508,
      0.5030156235972588,
      0.5062745776535436,
      0.5015197627415712,
      0.5032329191030427,
      0.4998763722621582,
      0.4976085211065682,
      0.49437878890471026,
      0.4894523879682476,
      0.4966462401842529,
      0.4949565615335649,
      0.4878715289417993,
      0.48621462361717765,
      0.4893139792944897,
      0.48748911349949514,
      0.47955413382839074,
      0.488547746938738,
      0.4844169255600057,
      0.4865488047626885,
      0.4721926250071688,
      0.4779743884097446,
      0.479241483760151,
      0.4739789597859437,
      0.47669664601033385,
      0.4731720377775756,
      0.47624515767463227,
      0.4732554900375279,
      0.4721326230263168,
      0.4711326596919786,
      0.4693677658215165,
      0.46833423973823135,
      0.4722087462856011,
      0.46645970905030315,
      0.4660280166955834,
      0.46056850703263824,
      0.4637866501950405,
      0.46527840197086334,
      0.459547389976003,
      0.4604272610846568,
      0.4586811890317635,
      0.46397079184482043,
      0.46241061050783505,
      0.45380775308744475,
      0.4544968253678896,
      0.3725335565395653,
      0.3503061817450957,
      0.33904063303700904,
      0.3345185182141987,
      0.33147875405848026,
      0.32586093568666413,
      0.32322131088850176,
      0.32103708576919004,
      0.3154044048860669,
      0.31784162433309987,
      0.31322781910950487,
      0.30742190071296965,
      0.31048362875695934,
      0.3120135491375219,
      0.3098720613528382,
      0.30781328720463946,
      0.30486546782776713,
      0.30314580812542274,
      0.30193741975182836,
      0.30348496041683987,
      0.30209080591289833,
      0.3004985888149928,
      0.2983555560508235,
      0.29585669202391396,
      0.30049180920997803,
      0.2957718724977564,
      0.29932497192004864,
      0.2957501181147315,
      0.29708139898932795,
      0.2933434125628661,
      0.2941630430604247,
      0.2954567887566306,
      0.2893168668008663,
      0.2947749068791216,
      0.2904017945666882,
      0.2930227990092879,
      0.2895426327701319,
      0.28812589805403893,
      0.2911576303145425,
      0.28341643497432495,
      0.27562277541834523,
      0.27042887903834606,
      0.2664242075671526,
      0.27077288244088943,
      0.2703302638520571,
      0.26846366841346025,
      0.2653906493955715,
      0.26886962866410613,
      0.2619482226119461,
      0.26055881046605384,
      0.2642190763303502,
      0.2681566905230284,
      0.2655690751800483,
      0.2633923164949837,
      0.26159159530123527,
      0.26480037007819524,
      0.2607973574195057,
      0.26250094327736984,
      0.2635499984872612,
      0.2619563539893451,
      0.2646219798109748,
      0.2641292375258424,
      0.26343749480491335,
      0.26051530663178046,
      0.26223968710242346,
      0.2613125720315359,
      0.26287302116609434,
      0.2623515719209205,
      0.25765029692345043,
      0.25942264819009736,
      0.261682897827334,
      0.25981920220973814,
      0.2624589389994402,
      0.2566304698755795,
      0.25725343222306535,
      0.2590424502691762,
      0.2606012119318951,
      0.2636568486182527,
      0.2590629847254604,
      0.2589021031744778
    ],