{
  "config": {
    "algorithm": "synflow",
    "model_name": "resnet20",
    "dataset_name": "cifar100",
    "num_classes": 100,
    "rho": 10.0,
    "synflow_iters": 100,
    "epochs": 160,
    "batch_size": 128,
    "learning_rate": 0.1,
    "momentum": 0.9,
    "weight_decay": 0.0001,
    "lr_milestones": [
      80,
      120
    ],
    "lr_gamma": 0.1,
    "seed": 42
  },
  "pruning": {
    "overall_sparsity": 0.9000057833555029,
    "layer_sparsities": {
      "conv1": 0.12731481481481483,
      "layer1.0.conv1": 0.45703125,
      "layer1.0.conv2": 0.4544270833333333,
      "layer1.1.conv1": 0.4470486111111111,
      "layer1.1.conv2": 0.4592013888888889,
      "layer1.2.conv1": 0.4487847222222222,
      "layer1.2.conv2": 0.4526909722222222,
      "layer2.0.conv1": 0.6794704861111112,
      "layer2.0.conv2": 0.8359375,
      "layer2.0.shortcut.0": 0.984375,
      "layer2.1.conv1": 0.8390842013888888,
      "layer2.1.conv2": 0.8323567708333334,
      "layer2.2.conv1": 0.8408203125,
      "layer2.2.conv2": 0.8338758680555556,
      "layer3.0.conv1": 0.9137369791666666,
      "layer3.0.conv2": 0.9573296440972222,
      "layer3.0.shortcut.0": 1.0,
      "layer3.1.conv1": 0.9582790798611112,
      "layer3.1.conv2": 0.9576009114583334,
      "layer3.2.conv1": 0.9587944878472222,
      "layer3.2.conv2": 0.957763671875,
      "linear": 0.78671875
    },
    "pruning_time_seconds": 3.3098208904266357,
    "synflow_iters": 100
  },
  "training": {
    "train_losses": [
      4.255379321222955,
      3.822172486646609,
      3.6024213697422636,
      3.4256201643835413,
      3.2744572433558377,
      3.1576610668139025,
      3.0587433129549026,
      2.9668708260763776,
      2.8888706930659036,
      2.8302744660865176,
      2.7624649330973625,
      2.711449572308497,
      2.6679881885647774,
      2.622301382097331,
      2.5846409167755735,
      2.560715550048785,
      2.528253091329878,
      2.4998522820797833,
      2.4686078073626216,
      2.454335455867377,
      2.4224851429462433,
      2.405634831298481,
      2.38677796179598,
      2.3777583603831856,
      2.360141432420774,
      2.341253173622218,
      2.3394348929551514,
      2.3247770565477284,
      2.308243229307912,
      2.2919847999106753,
      2.286348522048105,
      2.2823332598940893,
      2.2675408897074787,
      2.2637450982901184,
      2.2572841840711506,
      2.2493050663985987,
      2.2334567359225317,
      2.2399813383817673,
      2.2219250479882415,
      2.2243839139965447,
      2.2216530093415217,
      2.206119787625291,
      2.212533237581903,
      2.208338997919451,
      2.200266333127564,
      2.1926907002925873,
      2.183633565564047,
      2.195483833212744,
      2.1918224709277805,
      2.17313859036023,
      2.1614176207645373,
      2.177368376404047,
      2.167133219540119,
      2.1558347222479908,
      2.154854043640874,
      2.1557954129847614,
      2.1518141891468656,
      2.1517274410209875,
      2.136913400482048,
      2.1423863511193884,
      2.145027878270908,
      2.1360986913469704,
      2.1284589269621805,
      2.128016426481984,
      2.127784562720494,
      2.1264683262191038,
      2.1231880787421358,
      2.112905054268512,
      2.1195946511897175,
      2.110288188538768,
      2.114142239771106,
      2.1106404201550917,
      2.1069825173101644,
      2.1022891608828846,
      2.097500243647532,
      2.1084550612352113,
      2.0993923893706365,
      2.098161068829623,
      2.0898862389678303,
      2.0936626260253517,
      1.8942637785591863,
      1.8431445841084828,
      1.8326910029758106,
      1.822651000524109,
      1.8108223277059468,
      1.8072163696316155,
      1.804181461984461,
      1.7988357178189538,
      1.793560833077539,
      1.7868717519397086,
      1.7879673300141639,
      1.7792718545957045,
      1.7842435410076922,
      1.7835867418484255,
      1.7754849896512248,
      1.7769576267085292,
      1.7691016949035905,
      1.7692334225231952,
      1.775758977302096,
      1.7704510136761449,
      1.7684756754474207,
      1.7596621811389923,
      1.7637720057232813,
      1.7611067372966895,
      1.7615191435272044,
      1.7603704326532104,
      1.7611592039465904,
      1.7534696730700405,
      1.7553135630759327,
      1.7565013559704477,
      1.754815589975227,
      1.7514647326686166,
      1.7525406608527356,
      1.7514416490766136,
      1.7530582394789567,
      1.7506802251393145,
      1.7474436170675538,
      1.7462421967224642,
      1.744046577675776,
      1.7465176331725987,
      1.7101325985382905,
      1.6969679587266662,
      1.6996710496869953,
      1.6993143036961555,
      1.6957462775436314,
      1.6955531730570577,
      1.6948459226299415,
      1.6983358534899624,
      1.6946316544305196,
      1.7018303457986226,
      1.6977517513388938,
      1.6878195994279601,
      1.694402481683276,
      1.690932628105987,
      1.6931537288156422,
      1.6894418018108064,
      1.689718134701252,
      1.6895468533039093,
      1.6901469162919305,
      1.689646809615872,
      1.690737323327498,
      1.6935073028911243,
      1.6920412098142235,
      1.6917009716006843,
      1.690832032398744,
      1.6853002943098545,
      1.6903506920418956,
      1.6839151897213676,
      1.691610619087111,
      1.6850333694707265,
      1.6864230300892482,
      1.6902222555469384,
      1.6892334900119088,
      1.6845843355086716,
      1.6862042962827466,
      1.6885914890603586,
      1.684681130742485,
      1.6883037032728845,
      1.6815566237677226,
      1.6831033344973216
    ],