{
  "config": {
    "algorithm": "synflow",
    "model_name": "resnet20",
    "dataset_name": "cifar100",
    "num_classes": 100,
    "rho": 1.43,
    "synflow_iters": 100,
    "epochs": 160,
    "batch_size": 128,
    "learning_rate": 0.1,
    "momentum": 0.9,
    "weight_decay": 0.0001,
    "lr_milestones": [
      80,
      120
    ],
    "lr_gamma": 0.1,
    "seed": 42
  },
  "pruning": {
    "overall_sparsity": 0.30070556937134924,
    "layer_sparsities": {
      "conv1": 0.006944444444444444,
      "layer1.0.conv1": 0.029079861111111112,
      "layer1.0.conv2": 0.02734375,
      "layer1.1.conv1": 0.029079861111111112,
      "layer1.1.conv2": 0.03125,
      "layer1.2.conv1": 0.024739583333333332,
      "layer1.2.conv2": 0.028645833333333332,
      "layer2.0.conv1": 0.053385416666666664,
      "layer2.0.conv2": 0.1142578125,
      "layer2.0.shortcut.0": 0.3671875,
      "layer2.1.conv1": 0.11067708333333333,
      "layer2.1.conv2": 0.11490885416666667,
      "layer2.2.conv1": 0.10904947916666667,
      "layer2.2.conv2": 0.11024305555555555,
      "layer3.0.conv1": 0.21337890625,
      "layer3.0.conv2": 0.3850640190972222,
      "layer3.0.shortcut.0": 0.95263671875,
      "layer3.1.conv1": 0.3819173177083333,
      "layer3.1.conv2": 0.3842502170138889,
      "layer3.2.conv1": 0.3845757378472222,
      "layer3.2.conv2": 0.3852267795138889,
      "linear": 0.07953125
    },
    "pruning_time_seconds": 2.4570412635803223,
    "synflow_iters": 100
  },
  "training": {
    "train_losses": [
      4.029012627899647,
      3.4602540535005657,
      3.1027228446169333,
      2.8020814657211304,
      2.5654825283722444,
      2.38532405346632,
      2.229337520220063,
      2.106666784733534,
      2.0011461631140928,
      1.928816638209603,
      1.850009572776881,
      1.7894803482023152,
      1.7339729311114007,
      1.6913447051563046,
      1.6568499559705907,
      1.6206768757917664,
      1.5878184305673295,
      1.5591301921416412,
      1.5258807340128855,
      1.5091627318073402,
      1.4848431772129103,
      1.4673190401359038,
      1.4477414719083093,
      1.4240603518079629,
      1.4150643274188042,
      1.3949472291225737,
      1.3777166459370742,
      1.3835574317384849,
      1.3563809052787044,
      1.344820131801746,
      1.3273718374019319,
      1.3174000290984458,
      1.3146646991372108,
      1.299820609560067,
      1.3014991879463196,
      1.290277028794993,
      1.2751968272707679,
      1.275073798034679,
      1.2596169976009564,
      1.2587468248199334,
      1.2454007681120525,
      1.237291078675877,
      1.2421752305870706,
      1.2327282594686204,
      1.231343094090169,
      1.2160097619687968,
      1.2101155495779081,
      1.2077642875638874,
      1.2035606058145112,
      1.193758062171665,
      1.1916591499678113,
      1.187754875556989,
      1.1783867441117764,
      1.1712141128426248,
      1.1757601831446995,
      1.1707329015162857,
      1.161645621061325,
      1.1576096686449917,
      1.1548265306787058,
      1.1585559949956157,
      1.1522916209968654,
      1.1384586998346178,
      1.1444370370696892,
      1.138993937522173,
      1.1403577380221,
      1.1311360318213701,
      1.1231284436177125,
      1.1326886141164736,
      1.123447278853167,
      1.1234366229989312,
      1.1282608937472105,
      1.1217386610805988,
      1.1170982135967775,
      1.1115626635199243,
      1.1037674356590619,
      1.1048486195504665,
      1.1012076970867135,
      1.1031045664779164,
      1.0966455159200863,
      1.0947537259622053,
      0.8507822882384062,
      0.77466699057682,
      0.7474671273746274,
      0.7330653477798809,
      0.7221164776181633,
      0.7057065254246647,
      0.7014538707550276,
      0.6892498459836299,
      0.6765190870924429,
      0.6708334955302152,
      0.6663823990489949,
      0.6643245707858693,
      0.6585054260424592,
      0.6520995349538597,
      0.6498237479986115,
      0.6450379018417813,
      0.6436900054527954,
      0.6332017438147556,
      0.631922553293407,
      0.6311710144139149,
      0.625250679271465,
      0.6196076913144101,
      0.6157401554625143,
      0.6119314880872314,
      0.6082647395404902,
      0.6082118737765334,
      0.6018562289801511,
      0.5981613272293047,
      0.6017998423935338,
      0.5940564664250071,
      0.5925553499466993,
      0.5856646179136905,
      0.5907046192918312,
      0.5873443368314342,
      0.5828736421059478,
      0.5853444790806283,
      0.5820695802738721,
      0.5792385648766701,
      0.5754317479546774,
      0.5696541174230251,
      0.5337268098003485,
      0.5172166716815396,
      0.5166189535097643,
      0.5221362598240376,
      0.5154693056405946,
      0.513679257848046,
      0.5140725264156406,
      0.5090184926309369,
      0.5086285143413327,
      0.5116610085083679,
      0.5041244176470421,
      0.5088268217884682,
      0.5079577592286196,
      0.5060141000219367,
      0.5043811797249046,
      0.5066659201613881,
      0.5035206886347044,
      0.5017333295704289,
      0.5041115034202283,
      0.5062733511863784,
      0.4991651797159152,
      0.5028576814484867,
      0.5021072734485973,
      0.49861971356652,
      0.5014330492439595,
      0.49645241375335236,
      0.501065769656138,
      0.49886547875675286,
      0.49435160808603873,
      0.500148525038226,
      0.4912380317056721,
      0.49407450279051607,
      0.49723812167278747,
      0.4933510005304759,
      0.49803926634856244,
      0.4935820200057192,
      0.4903434812175957,
      0.49295717113736,
      0.4889120101420717,
      0.493101786991412
    ],