{
  "config": {
    "model_name": "resnet20",
    "dataset_name": "cifar100",
    "num_classes": 100,
    "target_sparsity": 0.3,
    "num_iterations": 5,
    "epochs_per_iteration": 100,
    "batch_size": 128,
    "learning_rate": 0.1,
    "momentum": 0.9,
    "weight_decay": 0.0005,
    "seed": 42,
    "use_global_pruning": true,
    "prune_rate_per_iteration": 0.06885008490516231
  },
  "iterations": [
    {
      "iteration": 0,
      "sparsity": 0.0,
      "remaining_weights_fraction": 1.0,
      "test_accuracy": 67.88,
      "test_loss": 1.2036946838415121,
      "train_accuracy_final": 85.38444444444444,
      "train_loss_final": 0.5119081247089938,
      "best_test_accuracy": 67.88,
      "layer_sparsities": {
        "conv1": 0.0,
        "layer1.0.conv1": 0.0,
        "layer1.0.conv2": 0.0,
        "layer1.1.conv1": 0.0,
        "layer1.1.conv2": 0.0,
        "layer1.2.conv1": 0.0,
        "layer1.2.conv2": 0.0,
        "layer2.0.conv1": 0.0,
        "layer2.0.conv2": 0.0,
        "layer2.0.shortcut.0": 0.0,
        "layer2.1.conv1": 0.0,
        "layer2.1.conv2": 0.0,
        "layer2.2.conv1": 0.0,
        "layer2.2.conv2": 0.0,
        "layer3.0.conv1": 0.0,
        "layer3.0.conv2": 0.0,
        "layer3.0.shortcut.0": 0.0,
        "layer3.1.conv1": 0.0,
        "layer3.1.conv2": 0.0,
        "layer3.2.conv1": 0.0,
        "layer3.2.conv2": 0.0,
        "linear": 0.0
      }
    },
    {
      "iteration": 1,
      "sparsity": 0.06885446185877046,
      "remaining_weights_fraction": 0.9311455381412296,
      "test_accuracy": 67.19,
      "test_loss": 1.1910743366313885,
      "train_accuracy_final": 85.04222222222222,
      "train_loss_final": 0.5226878304542466,
      "best_test_accuracy": 67.25,
      "layer_sparsities": {
        "conv1": 0.09953703703703703,
        "layer1.0.conv1": 0.19227430555555555,
        "layer1.0.conv2": 0.1736111111111111,
        "layer1.1.conv1": 0.09027777777777778,
        "layer1.1.conv2": 0.14713541666666666,
        "layer1.2.conv1": 0.07899305555555555,
        "layer1.2.conv2": 0.0724826388888889,
        "layer2.0.conv1": 0.05642361111111111,
        "layer2.0.conv2": 0.0673828125,
        "layer2.0.shortcut.0": 0.056640625,
        "layer2.1.conv1": 0.0625,
        "layer2.1.conv2": 0.061848958333333336,
        "layer2.2.conv1": 0.05349392361111111,
        "layer2.2.conv2": 0.06586371527777778,
        "layer3.0.conv1": 0.0576171875,
        "layer3.0.conv2": 0.061604817708333336,
        "layer3.0.shortcut.0": 0.04638671875,
        "layer3.1.conv1": 0.061197916666666664,
        "layer3.1.conv2": 0.068359375,
        "layer3.2.conv1": 0.06016710069444445,
        "layer3.2.conv2": 0.09752061631944445,
        "linear": 0.0146875
      }
    },
    {
      "iteration": 2,
      "sparsity": 0.13296657220519345,
      "remaining_weights_fraction": 0.8670334277948065,
      "test_accuracy": 67.23,
      "test_loss": 1.1922583172592935,
      "train_accuracy_final": 84.44222222222223,
      "train_loss_final": 0.5441724232143976,
      "best_test_accuracy": 67.26,
      "layer_sparsities": {
        "conv1": 0.1412037037037037,
        "layer1.0.conv1": 0.3372395833333333,
        "layer1.0.conv2": 0.2721354166666667,
        "layer1.1.conv1": 0.2578125,
        "layer1.1.conv2": 0.3259548611111111,
        "layer1.2.conv1": 0.1328125,
        "layer1.2.conv2": 0.14366319444444445,
        "layer2.0.conv1": 0.107421875,
        "layer2.0.conv2": 0.1265190972222222,
        "layer2.0.shortcut.0": 0.099609375,
        "layer2.1.conv1": 0.12044270833333333,
        "layer2.1.conv2": 0.1228298611111111,
        "layer2.2.conv1": 0.1042751736111111,
        "layer2.2.conv2": 0.1294487847222222,
        "layer3.0.conv1": 0.11344401041666667,
        "layer3.0.conv2": 0.11857096354166667,
        "layer3.0.shortcut.0": 0.09033203125,
        "layer3.1.conv1": 0.11848958333333333,
        "layer3.1.conv2": 0.1312934027777778,
        "layer3.2.conv1": 0.1191134982638889,
        "layer3.2.conv2": 0.1843532986111111,
        "linear": 0.02953125
      }
    },
    {
      "iteration": 3,
      "sparsity": 0.1926652593834943,
      "remaining_weights_fraction": 0.8073347406165057,
      "test_accuracy": 66.94,
      "test_loss": 1.226617472835734,
      "train_accuracy_final": 83.66666666666667,
      "train_loss_final": 0.5669189347800884,
      "best_test_accuracy": 66.99,
      "layer_sparsities": {
        "conv1": 0.20833333333333334,
        "layer1.0.conv1": 0.4175347222222222,
        "layer1.0.conv2": 0.3181423611111111,
        "layer1.1.conv1": 0.3146701388888889,
        "layer1.1.conv2": 0.3815104166666667,
        "layer1.2.conv1": 0.18055555555555555,
        "layer1.2.conv2": 0.2165798611111111,
        "layer2.0.conv1": 0.1655815972222222,
        "layer2.0.conv2": 0.1796875,
        "layer2.0.shortcut.0": 0.16015625,
        "layer2.1.conv1": 0.17588975694444445,
        "layer2.1.conv2": 0.1833767361111111,
        "layer2.2.conv1": 0.16536458333333334,
        "layer2.2.conv2": 0.19542100694444445,
        "layer3.0.conv1": 0.16878255208333334,
        "layer3.0.conv2": 0.17569986979166666,
        "layer3.0.shortcut.0": 0.13427734375,
        "layer3.1.conv1": 0.17268880208333334,
        "layer3.1.conv2": 0.1902126736111111,
        "layer3.2.conv1": 0.1755913628472222,
        "layer3.2.conv2": 0.2677408854166667,
        "linear": 0.04328125
      }
    },
    {
      "iteration": 4,
      "sparsity": 0.2482541495575733,
      "remaining_weights_fraction": 0.7517458504424267,
      "test_accuracy": 66.97,
      "test_loss": 1.2120577941966961,
      "train_accuracy_final": 83.27111111111111,
      "train_loss_final": 0.5828574243086305,
      "best_test_accuracy": 66.97,
      "layer_sparsities": {
        "conv1": 0.2361111111111111,
        "layer1.0.conv1": 0.4765625,
        "layer1.0.conv2": 0.3728298611111111,
        "layer1.1.conv1": 0.3641493055555556,
        "layer1.1.conv2": 0.4283854166666667,
        "layer1.2.conv1": 0.2309027777777778,
        "layer1.2.conv2": 0.2717013888888889,
        "layer2.0.conv1": 0.20594618055555555,
        "layer2.0.conv2": 0.2407769097222222,
        "layer2.0.shortcut.0": 0.19921875,
        "layer2.1.conv1": 0.22938368055555555,
        "layer2.1.conv2": 0.23817274305555555,
        "layer2.2.conv1": 0.2138671875,
        "layer2.2.conv2": 0.2526041666666667,
        "layer3.0.conv1": 0.2194552951388889,
        "layer3.0.conv2": 0.22932942708333334,
        "layer3.0.shortcut.0": 0.171875,
        "layer3.1.conv1": 0.2256401909722222,
        "layer3.1.conv2": 0.2476128472222222,
        "layer3.2.conv1": 0.2285698784722222,
        "layer3.2.conv2": 0.3436957465277778,
        "linear": 0.05734375
      }
    },
    {
      "iteration": 5,
      "sparsity": 0.300015181308195,
      "remaining_weights_fraction": 0.699984818691805,
      "test_accuracy": 66.23,
      "test_loss": 1.2285272916661034,
      "train_accuracy_final": 82.14888888888889,
      "train_loss_final": 0.617534822022373,
      "best_test_accuracy": 66.26,
      "layer_sparsities": {
        "conv1": 0.25,
        "layer1.0.conv1": 0.5,
        "layer1.0.conv2": 0.4157986111111111,
        "layer1.1.conv1": 0.4075520833333333,
        "layer1.1.conv2": 0.4665798611111111,
        "layer1.2.conv1": 0.2816840277777778,
        "layer1.2.conv2": 0.3311631944444444,
        "layer2.0.conv1": 0.2601996527777778,
        "layer2.0.conv2": 0.2983940972222222,
        "layer2.0.shortcut.0": 0.232421875,
        "layer2.1.conv1": 0.2763671875,
        "layer2.1.conv2": 0.2924262152777778,
        "layer2.2.conv1": 0.2584635416666667,
        "layer2.2.conv2": 0.3046875,
        "layer3.0.conv1": 0.2702907986111111,
        "layer3.0.conv2": 0.2816840277777778,
        "layer3.0.shortcut.0": 0.212890625,
        "layer3.1.conv1": 0.2759331597222222,
        "layer3.1.conv2": 0.2998860677083333,
        "layer3.2.conv1": 0.2793511284722222,