{
  "config": {
    "model_name": "resnet20",
    "dataset_name": "cifar10",
    "num_classes": 10,
    "target_sparsity": 0.6,
    "num_iterations": 5,
    "epochs_per_iteration": 100,
    "batch_size": 128,
    "learning_rate": 0.1,
    "momentum": 0.9,
    "weight_decay": 0.0005,
    "seed": 42,
    "use_global_pruning": true,
    "prune_rate_per_iteration": 0.1674467925981269
  },
  "iterations": [
    {
      "iteration": 0,
      "sparsity": 0.0,
      "remaining_weights_fraction": 1.0,
      "test_accuracy": 91.89,
      "test_loss": 0.28268011404743676,
      "train_accuracy_final": 99.02888888888889,
      "train_loss_final": 0.03793255218294111,
      "best_test_accuracy": 92.01,
      "layer_sparsities": {
        "conv1": 0.0,
        "layer1.0.conv1": 0.0,
        "layer1.0.conv2": 0.0,
        "layer1.1.conv1": 0.0,
        "layer1.1.conv2": 0.0,
        "layer1.2.conv1": 0.0,
        "layer1.2.conv2": 0.0,
        "layer2.0.conv1": 0.0,
        "layer2.0.conv2": 0.0,
        "layer2.0.shortcut.0": 0.0,
        "layer2.1.conv1": 0.0,
        "layer2.1.conv2": 0.0,
        "layer2.2.conv1": 0.0,
        "layer2.2.conv2": 0.0,
        "layer3.0.conv1": 0.0,
        "layer3.0.conv2": 0.0,
        "layer3.0.shortcut.0": 0.0,
        "layer3.1.conv1": 0.0,
        "layer3.1.conv2": 0.0,
        "layer3.2.conv1": 0.0,
        "layer3.2.conv2": 0.0,
        "linear": 0.0
      }
    },
    {
      "iteration": 1,
      "sparsity": 0.16745171578760853,
      "remaining_weights_fraction": 0.8325482842123915,
      "test_accuracy": 91.67,
      "test_loss": 0.2911902845283098,
      "train_accuracy_final": 98.92666666666666,
      "train_loss_final": 0.041988286922622305,
      "best_test_accuracy": 91.67,
      "layer_sparsities": {
        "conv1": 0.06712962962962964,
        "layer1.0.conv1": 0.18359375,
        "layer1.0.conv2": 0.10677083333333333,
        "layer1.1.conv1": 0.1310763888888889,
        "layer1.1.conv2": 0.13585069444444445,
        "layer1.2.conv1": 0.14366319444444445,
        "layer1.2.conv2": 0.1579861111111111,
        "layer2.0.conv1": 0.10655381944444445,
        "layer2.0.conv2": 0.1125217013888889,
        "layer2.0.shortcut.0": 0.099609375,
        "layer2.1.conv1": 0.130859375,
        "layer2.1.conv2": 0.1455078125,
        "layer2.2.conv1": 0.1261935763888889,
        "layer2.2.conv2": 0.15418836805555555,
        "layer3.0.conv1": 0.12532552083333334,
        "layer3.0.conv2": 0.13028971354166666,
        "layer3.0.shortcut.0": 0.08203125,
        "layer3.1.conv1": 0.13671875,
        "layer3.1.conv2": 0.1632758246527778,
        "layer3.2.conv1": 0.1562771267361111,
        "layer3.2.conv2": 0.3401963975694444,
        "linear": 0.003125
      }
    },
    {
      "iteration": 2,
      "sparsity": 0.30686315043411494,
      "remaining_weights_fraction": 0.6931368495658851,
      "test_accuracy": 91.78,
      "test_loss": 0.29412441733705846,
      "train_accuracy_final": 98.52222222222223,
      "train_loss_final": 0.05210532052759928,
      "best_test_accuracy": 91.78,
      "layer_sparsities": {
        "conv1": 0.20601851851851852,
        "layer1.0.conv1": 0.3697916666666667,
        "layer1.0.conv2": 0.2144097222222222,
        "layer1.1.conv1": 0.23828125,
        "layer1.1.conv2": 0.2326388888888889,
        "layer1.2.conv1": 0.21571180555555555,
        "layer1.2.conv2": 0.24696180555555555,
        "layer2.0.conv1": 0.1990017361111111,
        "layer2.0.conv2": 0.2153862847222222,
        "layer2.0.shortcut.0": 0.169921875,
        "layer2.1.conv1": 0.244140625,
        "layer2.1.conv2": 0.2694227430555556,
        "layer2.2.conv1": 0.24088541666666666,
        "layer2.2.conv2": 0.2976345486111111,
        "layer3.0.conv1": 0.2406684027777778,
        "layer3.0.conv2": 0.2501356336805556,
        "layer3.0.shortcut.0": 0.18115234375,
        "layer3.1.conv1": 0.2591688368055556,
        "layer3.1.conv2": 0.30322265625,
        "layer3.2.conv1": 0.2984754774305556,
        "layer3.2.conv2": 0.5719401041666666,
        "linear": 0.015625
      }
    },
    {
      "iteration": 3,
      "sparsity": 0.4229298328509834,
      "remaining_weights_fraction": 0.5770701671490166,
      "test_accuracy": 90.94,
      "test_loss": 0.30180006879794447,
      "train_accuracy_final": 98.21555555555555,
      "train_loss_final": 0.06304876280906187,
      "best_test_accuracy": 91.11,
      "layer_sparsities": {
        "conv1": 0.41435185185185186,
        "layer1.0.conv1": 0.5911458333333334,
        "layer1.0.conv2": 0.3441840277777778,
        "layer1.1.conv1": 0.3385416666666667,
        "layer1.1.conv2": 0.3441840277777778,
        "layer1.2.conv1": 0.2986111111111111,
        "layer1.2.conv2": 0.3467881944444444,
        "layer2.0.conv1": 0.2973090277777778,
        "layer2.0.conv2": 0.3128255208333333,
        "layer2.0.shortcut.0": 0.228515625,
        "layer2.1.conv1": 0.3453776041666667,
        "layer2.1.conv2": 0.3765190972222222,
        "layer2.2.conv1": 0.3434244791666667,
        "layer2.2.conv2": 0.4093967013888889,
        "layer3.0.conv1": 0.3440212673611111,
        "layer3.0.conv2": 0.3557400173611111,
        "layer3.0.shortcut.0": 0.2763671875,
        "layer3.1.conv1": 0.3693305121527778,
        "layer3.1.conv2": 0.4226888020833333,
        "layer3.2.conv1": 0.4212239583333333,
        "layer3.2.conv2": 0.7174479166666666,
        "linear": 0.0328125
      }
    },
    {
      "iteration": 4,
      "sparsity": 0.5195610123442207,
      "remaining_weights_fraction": 0.4804389876557793,
      "test_accuracy": 90.82,
      "test_loss": 0.2943526078251344,
      "train_accuracy_final": 97.74444444444444,
      "train_loss_final": 0.07548941249578175,
      "best_test_accuracy": 90.92,
      "layer_sparsities": {
        "conv1": 0.48148148148148145,
        "layer1.0.conv1": 0.6710069444444444,
        "layer1.0.conv2": 0.4227430555555556,
        "layer1.1.conv1": 0.4318576388888889,
        "layer1.1.conv2": 0.4309895833333333,
        "layer1.2.conv1": 0.3810763888888889,
        "layer1.2.conv2": 0.4427083333333333,
        "layer2.0.conv1": 0.3969184027777778,
        "layer2.0.conv2": 0.4092881944444444,
        "layer2.0.shortcut.0": 0.291015625,
        "layer2.1.conv1": 0.4370659722222222,
        "layer2.1.conv2": 0.4688585069444444,
        "layer2.2.conv1": 0.4303385416666667,
        "layer2.2.conv2": 0.5077039930555556,
        "layer3.0.conv1": 0.4361979166666667,
        "layer3.0.conv2": 0.4546169704861111,
        "layer3.0.shortcut.0": 0.35400390625,
        "layer3.1.conv1": 0.467041015625,
        "layer3.1.conv2": 0.5200466579861112,
        "layer3.2.conv1": 0.5275336371527778,
        "layer3.2.conv2": 0.8137478298611112,
        "linear": 0.05
      }
    },
    {
      "iteration": 5,
      "sparsity": 0.600012550942059,
      "remaining_weights_fraction": 0.39998744905794104,
      "test_accuracy": 90.91,
      "test_loss": 0.29235016158487226,
      "train_accuracy_final": 97.16,
      "train_loss_final": 0.08995075888444924,
      "best_test_accuracy": 90.94,
      "layer_sparsities": {
        "conv1": 0.5138888888888888,
        "layer1.0.conv1": 0.7026909722222222,
        "layer1.0.conv2": 0.4943576388888889,
        "layer1.1.conv1": 0.5052083333333334,
        "layer1.1.conv2": 0.49609375,
        "layer1.2.conv1": 0.44921875,
        "layer1.2.conv2": 0.5247395833333334,
        "layer2.0.conv1": 0.4728732638888889,
        "layer2.0.conv2": 0.4925130208333333,
        "layer2.0.shortcut.0": 0.349609375,
        "layer2.1.conv1": 0.5066189236111112,
        "layer2.1.conv2": 0.5501302083333334,
        "layer2.2.conv1": 0.5154079861111112,
        "layer2.2.conv2": 0.5939670138888888,
        "layer3.0.conv1": 0.5207248263888888,
        "layer3.0.conv2": 0.541015625,
        "layer3.0.shortcut.0": 0.42529296875,
        "layer3.1.conv1": 0.5532497829861112,
        "layer3.1.conv2": 0.6037868923611112,
        "layer3.2.conv1": 0.6171061197916666,