{
  "config": {
    "algorithm": "grasp",
    "model_name": "resnet20",
    "dataset_name": "cifar10",
    "num_classes": 10,
    "target_sparsity": 0.6,
    "epochs": 160,
    "batch_size": 128,
    "learning_rate": 0.1,
    "momentum": 0.9,
    "weight_decay": 0.0001,
    "lr_milestones": [
      80,
      120
    ],
    "lr_gamma": 0.1,
    "samples_per_class": 10,
    "grasp_T": 200.0,
    "grasp_iters": 1,
    "seed": 42
  },
  "pruning": {
    "overall_sparsity": 0.6000014765814187,
    "layer_sparsities": {
      "conv1": 0.46296296296296297,
      "layer1.0.conv1": 0.51953125,
      "layer1.0.conv2": 0.53125,
      "layer1.1.conv1": 0.5277777777777778,
      "layer1.1.conv2": 0.5190972222222222,
      "layer1.2.conv1": 0.5321180555555556,
      "layer1.2.conv2": 0.5546875,
      "layer2.0.conv1": 0.5503472222222222,
      "layer2.0.conv2": 0.5629340277777778,
      "layer2.0.shortcut.0": 0.52734375,
      "layer2.1.conv1": 0.5541449652777778,
      "layer2.1.conv2": 0.5660807291666666,
      "layer2.2.conv1": 0.5627170138888888,
      "layer2.2.conv2": 0.5690104166666666,
      "layer3.0.conv1": 0.5877278645833334,
      "layer3.0.conv2": 0.6174045138888888,
      "layer3.0.shortcut.0": 0.5419921875,
      "layer3.1.conv1": 0.6145833333333334,
      "layer3.1.conv2": 0.6164822048611112,
      "layer3.2.conv1": 0.62109375,
      "layer3.2.conv2": 0.6203070746527778,
      "linear": 0.6328125
    }
  },
  "training": {
    "train_losses": [
      1.833919041536071,
      1.3767170784148304,
      1.1429923298684033,
      0.9765855879946188,
      0.8607668140056458,
      0.7720288212665103,
      0.7098089413378726,
      0.6585068747570569,
      0.6253130848265507,
      0.6015181019055572,
      0.5755144757303324,
      0.5551298208196055,
      0.5358819211409851,
      0.5209584502841939,
      0.4978517549620433,
      0.49731226468628104,
      0.48338938843120227,
      0.475238144821064,
      0.46013478858565743,
      0.446671705015681,
      0.4424508937041868,
      0.4393511450087482,
      0.43121761100536043,
      0.4221219032664191,
      0.41768884794278577,
      0.40995457307012245,
      0.4051133746027269,
      0.4019031615673818,
      0.3989898700436408,
      0.38992491601542995,
      0.38500052550807595,
      0.3871556959030303,
      0.3748869792642919,
      0.3749772196804935,
      0.3756759015589275,
      0.36869462177326734,
      0.36787517669356684,
      0.36246148543432355,
      0.36684470979327505,
      0.355140661101111,
      0.35847683318636636,
      0.35701107420027256,
      0.3505753303708678,
      0.3414375131780451,
      0.3477167584510012,
      0.3425685721449554,
      0.3428267775611444,
      0.33779158464378933,
      0.3388510762544518,
      0.3356471311893653,
      0.3340871306559579,
      0.3353927571072497,
      0.3354584821499884,
      0.33301548062908376,
      0.33291680340401153,
      0.3219908440739594,
      0.3258515157821504,
      0.3191028568809005,
      0.32351777727969666,
      0.32254858899184247,
      0.31978973890231416,
      0.32069994670084934,
      0.31420326296409423,
      0.3195656812749803,
      0.31682991655543447,
      0.31357773452658544,
      0.3113397242586044,
      0.31676781363785267,
      0.3120469831522893,
      0.3143345401622355,
      0.3124929965812374,
      0.3128678298301317,
      0.3109237889081917,
      0.30686488006771967,
      0.3033905773508278,
      0.3063284206542779,
      0.30244653087786655,
      0.30646628518165514,
      0.3038024095479738,
      0.29969255080107937,
      0.21986700005998666,
      0.18825350892306728,
      0.1807719444729049,
      0.16995071623982352,
      0.16505301841111344,
      0.1596040851013227,
      0.15573155727576127,
      0.1536336386978457,
      0.14681253038262101,
      0.14430337781298228,
      0.14308155159762298,
      0.1382183968089521,
      0.1371655247957361,
      0.13704331296453762,
      0.13488659415055404,
      0.13152967024044218,
      0.12751922956456177,
      0.12499526495494964,
      0.1240594882666218,
      0.12337803277610378,
      0.1209282979940657,
      0.11950280878227204,
      0.1214568086751652,
      0.11690305155405606,
      0.11717367947990583,
      0.11725373839197512,
      0.1179413268533112,
      0.11255259924060242,
      0.11501548703844575,
      0.10855861319313673,
      0.11012091425205157,
      0.1095049989473244,
      0.10560843255370855,
      0.1068429383025928,
      0.10361185250803828,
      0.10737429505256428,
      0.10586639566727998,
      0.10445742486891421,
      0.10390129658943889,
      0.1034128070300953,
      0.09252308336594565,
      0.0869793392802504,
      0.0875748039741831,
      0.08705396266569468,
      0.08693177117542787,
      0.08484495558183301,
      0.0838105334974402,
      0.08429953002434393,
      0.0815475207478316,
      0.08210807367735966,
      0.08229156764520501,
      0.08541160080031576,
      0.0811329989704642,
      0.07983784047378735,
      0.07998805260814895,
      0.08025808587924323,
      0.08034053275001828,
      0.08027959037148817,
      0.07973728476579046,
      0.07900411162567748,
      0.0787285659091801,
      0.07844925062752074,
      0.07869831248800355,
      0.07780983243984255,
      0.07848507073834878,
      0.07967766898218542,
      0.0786468923271803,
      0.07759385603077879,
      0.07667987629115074,
      0.07738230370027437,
      0.07730384748323228,
      0.07826264039613307,
      0.07748756308997558,
      0.07480356662364845,
      0.07829336686038667,
      0.07631449369628998,
      0.07834885591662234,
      0.0767211492586119,
      0.07515436174369163,
      0.07575531216571108
    ],