{
  "config": {
    "algorithm": "synflow",
    "model_name": "resnet20",
    "dataset_name": "cifar100",
    "num_classes": 100,
    "rho": 2.5,
    "synflow_iters": 100,
    "epochs": 160,
    "batch_size": 128,
    "learning_rate": 0.1,
    "momentum": 0.9,
    "weight_decay": 0.0001,
    "lr_milestones": [
      80,
      120
    ],
    "lr_gamma": 0.1,
    "seed": 42
  },
  "pruning": {
    "overall_sparsity": 0.600005060436065,
    "layer_sparsities": {
      "conv1": 0.011574074074074073,
      "layer1.0.conv1": 0.08854166666666667,
      "layer1.0.conv2": 0.09244791666666667,
      "layer1.1.conv1": 0.0915798611111111,
      "layer1.1.conv2": 0.09852430555555555,
      "layer1.2.conv1": 0.0842013888888889,
      "layer1.2.conv2": 0.08680555555555555,
      "layer2.0.conv1": 0.173828125,
      "layer2.0.conv2": 0.3225911458333333,
      "layer2.0.shortcut.0": 0.78515625,
      "layer2.1.conv1": 0.3156467013888889,
      "layer2.1.conv2": 0.3195529513888889,
      "layer2.2.conv1": 0.3181423611111111,
      "layer2.2.conv2": 0.3215060763888889,
      "layer3.0.conv1": 0.5254991319444444,
      "layer3.0.conv2": 0.7259657118055556,
      "layer3.0.shortcut.0": 0.9990234375,
      "layer3.1.conv1": 0.7396104600694444,
      "layer3.1.conv2": 0.7377658420138888,
      "layer3.2.conv1": 0.7440321180555556,
      "layer3.2.conv2": 0.7284613715277778,
      "linear": 0.2465625
    },
    "pruning_time_seconds": 2.4509177207946777,
    "synflow_iters": 100
  },
  "training": {
    "train_losses": [
      4.071240343153477,
      3.512576175006953,
      3.13231338289651,
      2.83621466701681,
      2.619141089645299,
      2.45855561779304,
      2.3176740973510523,
      2.2095127322457055,
      2.121191497214816,
      2.0578509548848327,
      1.9978723871436985,
      1.928501014343717,
      1.8894434601745822,
      1.8454695597968318,
      1.8124876933341676,
      1.7770119251852685,
      1.752879893576557,
      1.7247664969075809,
      1.6954958157783204,
      1.6811533224853603,
      1.6600528752261943,
      1.6368432248180562,
      1.6260706277733499,
      1.6126709698953412,
      1.593452742153948,
      1.5815718031742356,
      1.5664529874920845,
      1.5563099590892142,
      1.5479162149131298,
      1.5274743031371723,
      1.513541689650579,
      1.5115609900517897,
      1.5021300048313357,
      1.4901569312946363,
      1.4816237291829153,
      1.4798056716946038,
      1.4607411155646497,
      1.4648872552947565,
      1.4473969800905748,
      1.4551165862516924,
      1.4355712793767452,
      1.4299092252146115,
      1.4288489010862329,
      1.4240732325071639,
      1.4165774973278695,
      1.4135916778309778,
      1.4066874064843764,
      1.4002586325461215,
      1.4062592261894182,
      1.3923443135890095,
      1.3910702145235105,
      1.383057079193267,
      1.3759394846856594,
      1.371739254587076,
      1.3686341910877011,
      1.3620614428073168,
      1.3584049594673244,
      1.3653152622282505,
      1.3516923864795403,
      1.3562331963330507,
      1.3576177663423799,
      1.3443544628945263,
      1.3411202860826796,
      1.3387003121050922,
      1.3458492901514878,
      1.330967447974465,
      1.335393805395473,
      1.3214364432814447,
      1.322563842616298,
      1.32469938356768,
      1.3281563603403894,
      1.3182825732298873,
      1.3147588006474755,
      1.310298417610201,
      1.3169321592219851,
      1.3068880579349669,
      1.315810397436673,
      1.3123396638442169,
      1.305069374428554,
      1.309465371410955,
      1.0686626436019486,
      1.0066635486754505,
      0.979790591888807,
      0.9742950576950203,
      0.9551201449199156,
      0.9516576846892183,
      0.9400656897236,
      0.9327037910168822,
      0.9183895742012695,
      0.9249522809616544,
      0.915961048819802,
      0.9103653960945931,
      0.9076380628076467,
      0.9005768851123073,
      0.9020721279084682,
      0.8940464786507867,
      0.8966981265693903,
      0.8890039346773516,
      0.8858545050024986,
      0.8815824118527499,
      0.881452529606494,
      0.8768422649326649,
      0.8759792712940411,
      0.8749520795589144,
      0.8694118809970942,
      0.8708232930776748,
      0.869626282798973,
      0.8652646861631762,
      0.8603331810710105,
      0.8580885668369856,
      0.86055455932563,
      0.8551225767216899,
      0.8576307532123544,
      0.857197726314718,
      0.8567101286554878,
      0.8566481145945463,
      0.8538719539276578,
      0.8407401173290882,
      0.8449875234880231,
      0.8398453010754152,
      0.7974843511527235,
      0.7967563876035538,
      0.7905024699866772,
      0.7889128555967049,
      0.7821281965483319,
      0.7854540788314559,
      0.7877692563289945,
      0.7820035379210656,
      0.7818257537755099,
      0.7832526283507998,
      0.7783229069953616,
      0.781481268053705,
      0.776708666658537,
      0.7811548345806923,
      0.7774997091090138,
      0.7794512832029299,
      0.7793718066743829,
      0.7695790222761306,
      0.7735317992893133,
      0.7724711905148897,
      0.7774454522877932,
      0.7761421677741137,
      0.7780846294692971,
      0.7731471021067012,
      0.7722247104075822,
      0.7741788005964323,
      0.7745324432511221,
      0.7728476377034729,
      0.7699798135594889,
      0.7725982036102902,
      0.7704418196596883,
      0.7665148804133589,
      0.7702618131244724,
      0.7627999594604428,
      0.7687784056602553,
      0.7705053847113793,
      0.7660282345657999,
      0.7720050266520544,
      0.7675482024523345,
      0.7627510264177214
    ],