{
  "config": {
    "algorithm": "grasp",
    "model_name": "resnet20",
    "dataset_name": "cifar10",
    "num_classes": 10,
    "target_sparsity": 0.3,
    "epochs": 160,
    "batch_size": 128,
    "learning_rate": 0.1,
    "momentum": 0.9,
    "weight_decay": 0.0001,
    "lr_milestones": [
      80,
      120
    ],
    "lr_gamma": 0.1,
    "samples_per_class": 10,
    "grasp_T": 200.0,
    "grasp_iters": 1,
    "seed": 42
  },
  "pruning": {
    "overall_sparsity": 0.30000073829070933,
    "layer_sparsities": {
      "conv1": 0.4236111111111111,
      "layer1.0.conv1": 0.4709201388888889,
      "layer1.0.conv2": 0.4557291666666667,
      "layer1.1.conv1": 0.4309895833333333,
      "layer1.1.conv2": 0.4197048611111111,
      "layer1.2.conv1": 0.4344618055555556,
      "layer1.2.conv2": 0.4366319444444444,
      "layer2.0.conv1": 0.404296875,
      "layer2.0.conv2": 0.3655598958333333,
      "layer2.0.shortcut.0": 0.462890625,
      "layer2.1.conv1": 0.3644748263888889,
      "layer2.1.conv2": 0.36328125,
      "layer2.2.conv1": 0.3591579861111111,
      "layer2.2.conv2": 0.3475477430555556,
      "layer3.0.conv1": 0.3224283854166667,
      "layer3.0.conv2": 0.2709147135416667,
      "layer3.0.shortcut.0": 0.4072265625,
      "layer3.1.conv1": 0.269775390625,
      "layer3.1.conv2": 0.2689615885416667,
      "layer3.2.conv1": 0.2662217881944444,
      "layer3.2.conv2": 0.2576226128472222,
      "linear": 0.5625
    }
  },
  "training": {
    "train_losses": [
      1.8558427955616603,
      1.3497529961168766,
      1.0865534869107334,
      0.9300296548753977,
      0.8265444163910367,
      0.7430606344714761,
      0.6794924600557848,
      0.6268501373177225,
      0.5908323373984207,
      0.5626341820779172,
      0.5362904733893546,
      0.5124318624253977,
      0.49215359511700546,
      0.47947924211621284,
      0.4531581952998584,
      0.4512978394685144,
      0.43248206457461824,
      0.4280282588760284,
      0.4119412266141312,
      0.39644131856039166,
      0.39422794626179064,
      0.38994970617138525,
      0.3860761289569465,
      0.37146841412918136,
      0.36495816212316806,
      0.36247392142699525,
      0.35405872216109524,
      0.3485527048310773,
      0.34429664065299387,
      0.33876291484656657,
      0.33044674391434953,
      0.3278742208230225,
      0.32141787495294755,
      0.32497586301443254,
      0.320561295629225,
      0.316987602209503,
      0.3185104497031055,
      0.3066192225299098,
      0.31315386667847633,
      0.3060489781200886,
      0.3073599224232815,
      0.29848297960548237,
      0.298214612740346,
      0.29059360595420003,
      0.2926214348778806,
      0.29395956732332706,
      0.29014302053573454,
      0.28399053698574955,
      0.28586971725929866,
      0.2839002243920483,
      0.28067862741987815,
      0.2806231144561686,
      0.2764663264917379,
      0.27505042137239466,
      0.2735343858895993,
      0.2697335662616586,
      0.2714397356295111,
      0.26933290995657444,
      0.27095978715541685,
      0.2677676628597758,
      0.26224283821118827,
      0.2619106067683209,
      0.26288877973671665,
      0.2592918594494801,
      0.25847996290857816,
      0.257117864633487,
      0.25835603321055794,
      0.2584559847600758,
      0.26009004889056087,
      0.2521964968605475,
      0.2517303256952966,
      0.2486443295016546,
      0.25022208216515457,
      0.24708109232597053,
      0.24722538888454437,
      0.24929743962870402,
      0.24337004338899118,
      0.24837067670358176,
      0.2443099218759347,
      0.2424897154877809,
      0.15982311250726608,
      0.13205170228188348,
      0.11906603298319335,
      0.1130039708434858,
      0.10592882112938572,
      0.10318544842514464,
      0.09801338001323695,
      0.09347494599007239,
      0.09002129735679111,
      0.08795272414995865,
      0.08477208630012517,
      0.08230447095543654,
      0.08289312660715288,
      0.08083518139425326,
      0.0782499431674792,
      0.07648724503286014,
      0.07260370158209381,
      0.07234596760033375,
      0.07191456393973733,
      0.06946456647181715,
      0.0662332024816847,
      0.06350115791957994,
      0.06530978096733717,
      0.06285382171203806,
      0.06363176955545152,
      0.06116255430970341,
      0.06273086213993585,
      0.06155545481702906,
      0.057790364196989685,
      0.059847723168786615,
      0.05779236082559113,
      0.05609951948810538,
      0.05614270962541923,
      0.05571464511608197,
      0.0534989190663592,
      0.052320617804070935,
      0.05337078967237507,
      0.05159672483833591,
      0.052236217677339235,
      0.05153662885475734,
      0.045736908047481185,
      0.042301603095521306,
      0.04211959983380935,
      0.0400832736261443,
      0.041386235679965466,
      0.0396719791169744,
      0.03922296146364798,
      0.03932790058156983,
      0.03750437782251869,
      0.03826551560566507,
      0.036779703532705425,
      0.0358303000142438,
      0.03754500256830149,
      0.037250951547651893,
      0.036649051394885064,
      0.035718276198498315,
      0.036946345297937194,
      0.03530584233125079,
      0.036170649276093834,
      0.03622624011371623,
      0.03556056806172075,
      0.03552399333487053,
      0.033927738626847385,
      0.036137243476167154,
      0.03530714382412208,
      0.03435421143446795,
      0.034573084904960444,
      0.036400652014311745,
      0.03367382992027243,
      0.03497343497424894,
      0.03379912685539404,
      0.03452236573502887,
      0.03401753276888154,
      0.033832728819106705,
      0.03480093800383408,
      0.033933727816805585,
      0.03466015466388357,
      0.03439386729389133,
      0.03231030521618033,
      0.03228332447708288
    ],