{
  "config": {
    "model_name": "resnet20",
    "dataset_name": "cifar10",
    "num_classes": 10,
    "target_sparsity": 0.9,
    "num_iterations": 5,
    "epochs_per_iteration": 100,
    "batch_size": 128,
    "learning_rate": 0.1,
    "momentum": 0.9,
    "weight_decay": 0.0005,
    "seed": 42,
    "use_global_pruning": true,
    "prune_rate_per_iteration": 0.36904265551980675
  },
  "iterations": [
    {
      "iteration": 0,
      "sparsity": 0.0,
      "remaining_weights_fraction": 1.0,
      "test_accuracy": 92.09,
      "test_loss": 0.2786562144756317,
      "train_accuracy_final": 99.09777777777778,
      "train_loss_final": 0.03600946263494817,
      "best_test_accuracy": 92.09,
      "layer_sparsities": {
        "conv1": 0.0,
        "layer1.0.conv1": 0.0,
        "layer1.0.conv2": 0.0,
        "layer1.1.conv1": 0.0,
        "layer1.1.conv2": 0.0,
        "layer1.2.conv1": 0.0,
        "layer1.2.conv2": 0.0,
        "layer2.0.conv1": 0.0,
        "layer2.0.conv2": 0.0,
        "layer2.0.shortcut.0": 0.0,
        "layer2.1.conv1": 0.0,
        "layer2.1.conv2": 0.0,
        "layer2.2.conv1": 0.0,
        "layer2.2.conv2": 0.0,
        "layer3.0.conv1": 0.0,
        "layer3.0.conv2": 0.0,
        "layer3.0.shortcut.0": 0.0,
        "layer3.1.conv1": 0.0,
        "layer3.1.conv2": 0.0,
        "layer3.2.conv1": 0.0,
        "layer3.2.conv2": 0.0,
        "linear": 0.0
      }
    },
    {
      "iteration": 1,
      "sparsity": 0.36904568542909455,
      "remaining_weights_fraction": 0.6309543145709055,
      "test_accuracy": 91.61,
      "test_loss": 0.27689244928239265,
      "train_accuracy_final": 98.45555555555555,
      "train_loss_final": 0.05614774423884228,
      "best_test_accuracy": 91.77,
      "layer_sparsities": {
        "conv1": 0.09722222222222222,
        "layer1.0.conv1": 0.2829861111111111,
        "layer1.0.conv2": 0.2634548611111111,
        "layer1.1.conv1": 0.2530381944444444,
        "layer1.1.conv2": 0.2760416666666667,
        "layer1.2.conv1": 0.2621527777777778,
        "layer1.2.conv2": 0.3463541666666667,
        "layer2.0.conv1": 0.2437065972222222,
        "layer2.0.conv2": 0.2719184027777778,
        "layer2.0.shortcut.0": 0.19140625,
        "layer2.1.conv1": 0.3018663194444444,
        "layer2.1.conv2": 0.3211805555555556,
        "layer2.2.conv1": 0.2741970486111111,
        "layer2.2.conv2": 0.3344184027777778,
        "layer3.0.conv1": 0.2846137152777778,
        "layer3.0.conv2": 0.3006998697916667,
        "layer3.0.shortcut.0": 0.2099609375,
        "layer3.1.conv1": 0.3060980902777778,
        "layer3.1.conv2": 0.3732367621527778,
        "layer3.2.conv1": 0.3844672309027778,
        "layer3.2.conv2": 0.6778157552083334,
        "linear": 0.0140625
      }
    },
    {
      "iteration": 2,
      "sparsity": 0.6018988837044474,
      "remaining_weights_fraction": 0.39810111629555256,
      "test_accuracy": 90.62,
      "test_loss": 0.30819321867031385,
      "train_accuracy_final": 97.16222222222223,
      "train_loss_final": 0.09103917191334238,
      "best_test_accuracy": 90.73,
      "layer_sparsities": {
        "conv1": 0.3263888888888889,
        "layer1.0.conv1": 0.5677083333333334,
        "layer1.0.conv2": 0.4852430555555556,
        "layer1.1.conv1": 0.54296875,
        "layer1.1.conv2": 0.5164930555555556,
        "layer1.2.conv1": 0.48046875,
        "layer1.2.conv2": 0.5546875,
        "layer2.0.conv1": 0.4474826388888889,
        "layer2.0.conv2": 0.4935980902777778,
        "layer2.0.shortcut.0": 0.34765625,
        "layer2.1.conv1": 0.5313585069444444,
        "layer2.1.conv2": 0.5506727430555556,
        "layer2.2.conv1": 0.5002170138888888,
        "layer2.2.conv2": 0.5787760416666666,
        "layer3.0.conv1": 0.5103624131944444,
        "layer3.0.conv2": 0.5415310329861112,
        "layer3.0.shortcut.0": 0.42236328125,
        "layer3.1.conv1": 0.5444878472222222,
        "layer3.1.conv2": 0.6100260416666666,
        "layer3.2.conv1": 0.6312662760416666,
        "layer3.2.conv2": 0.89111328125,
        "linear": 0.059375
      }
    },
    {
      "iteration": 3,
      "sparsity": 0.7488187348650405,
      "remaining_weights_fraction": 0.25118126513495953,
      "test_accuracy": 89.51,
      "test_loss": 0.322627219218242,
      "train_accuracy_final": 95.11333333333333,
      "train_loss_final": 0.14926438486542215,
      "best_test_accuracy": 89.69,
      "layer_sparsities": {
        "conv1": 0.4837962962962963,
        "layer1.0.conv1": 0.7317708333333334,
        "layer1.0.conv2": 0.6293402777777778,
        "layer1.1.conv1": 0.6801215277777778,
        "layer1.1.conv2": 0.6731770833333334,
        "layer1.2.conv1": 0.6284722222222222,
        "layer1.2.conv2": 0.703125,
        "layer2.0.conv1": 0.6037326388888888,
        "layer2.0.conv2": 0.6476779513888888,
        "layer2.0.shortcut.0": 0.517578125,
        "layer2.1.conv1": 0.6830512152777778,
        "layer2.1.conv2": 0.705078125,
        "layer2.2.conv1": 0.6642795138888888,
        "layer2.2.conv2": 0.7360026041666666,
        "layer3.0.conv1": 0.6749674479166666,
        "layer3.0.conv2": 0.7055392795138888,
        "layer3.0.shortcut.0": 0.58984375,
        "layer3.1.conv1": 0.7070041232638888,
        "layer3.1.conv2": 0.7644314236111112,
        "layer3.2.conv1": 0.7895236545138888,
        "layer3.2.conv2": 0.9632161458333334,
        "linear": 0.1453125
      }
    },
    {
      "iteration": 4,
      "sparsity": 0.8415185163309905,
      "remaining_weights_fraction": 0.1584814836690095,
      "test_accuracy": 88.09,
      "test_loss": 0.3650425112322916,
      "train_accuracy_final": 92.69111111111111,
      "train_loss_final": 0.217188819502057,
      "best_test_accuracy": 88.14,
      "layer_sparsities": {
        "conv1": 0.5879629629629629,
        "layer1.0.conv1": 0.8259548611111112,
        "layer1.0.conv2": 0.7491319444444444,
        "layer1.1.conv1": 0.7821180555555556,
        "layer1.1.conv2": 0.7786458333333334,
        "layer1.2.conv1": 0.7443576388888888,
        "layer1.2.conv2": 0.7838541666666666,
        "layer2.0.conv1": 0.7317708333333334,
        "layer2.0.conv2": 0.7629123263888888,
        "layer2.0.shortcut.0": 0.638671875,
        "layer2.1.conv1": 0.7916666666666666,
        "layer2.1.conv2": 0.8071831597222222,
        "layer2.2.conv1": 0.7735460069444444,
        "layer2.2.conv2": 0.8358289930555556,
        "layer3.0.conv1": 0.7908528645833334,
        "layer3.0.conv2": 0.8129069010416666,
        "layer3.0.shortcut.0": 0.71875,
        "layer3.1.conv1": 0.8159722222222222,
        "layer3.1.conv2": 0.8546006944444444,
        "layer3.2.conv1": 0.8853352864583334,
        "layer3.2.conv2": 0.9843207465277778,
        "linear": 0.225
      }
    },
    {
      "iteration": 5,
      "sparsity": 0.9000095977792215,
      "remaining_weights_fraction": 0.09999040222077848,
      "test_accuracy": 86.52,
      "test_loss": 0.3870516828721083,
      "train_accuracy_final": 90.01777777777778,
      "train_loss_final": 0.29151753429323435,
      "best_test_accuracy": 86.66,
      "layer_sparsities": {
        "conv1": 0.6435185185185185,
        "layer1.0.conv1": 0.8619791666666666,
        "layer1.0.conv2": 0.8315972222222222,
        "layer1.1.conv1": 0.8576388888888888,
        "layer1.1.conv2": 0.85546875,
        "layer1.2.conv1": 0.82421875,
        "layer1.2.conv2": 0.8589409722222222,
        "layer2.0.conv1": 0.8374565972222222,
        "layer2.0.conv2": 0.8513454861111112,
        "layer2.0.shortcut.0": 0.763671875,
        "layer2.1.conv1": 0.8610026041666666,
        "layer2.1.conv2": 0.8712022569444444,
        "layer2.2.conv1": 0.8466796875,
        "layer2.2.conv2": 0.8942057291666666,
        "layer3.0.conv1": 0.8672960069444444,
        "layer3.0.conv2": 0.8812934027777778,
        "layer3.0.shortcut.0": 0.81689453125,
        "layer3.1.conv1": 0.8837619357638888,
        "layer3.1.conv2": 0.9108072916666666,
        "layer3.2.conv1": 0.938720703125,