{
  "config": {
    "algorithm": "grasp",
    "model_name": "resnet20",
    "dataset_name": "cifar100",
    "num_classes": 100,
    "target_sparsity": 0.3,
    "epochs": 160,
    "batch_size": 128,
    "learning_rate": 0.1,
    "momentum": 0.9,
    "weight_decay": 0.0001,
    "lr_milestones": [
      80,
      120
    ],
    "lr_gamma": 0.1,
    "samples_per_class": 10,
    "grasp_T": 200.0,
    "grasp_iters": 1,
    "seed": 42
  },
  "pruning": {
    "overall_sparsity": 0.30000072291943786,
    "layer_sparsities": {
      "conv1": 0.4537037037037037,
      "layer1.0.conv1": 0.4422743055555556,
      "layer1.0.conv2": 0.4357638888888889,
      "layer1.1.conv1": 0.4066840277777778,
      "layer1.1.conv2": 0.4010416666666667,
      "layer1.2.conv1": 0.4036458333333333,
      "layer1.2.conv2": 0.3993055555555556,
      "layer2.0.conv1": 0.38671875,
      "layer2.0.conv2": 0.3525390625,
      "layer2.0.shortcut.0": 0.4296875,
      "layer2.1.conv1": 0.3624131944444444,
      "layer2.1.conv2": 0.3585069444444444,
      "layer2.2.conv1": 0.3501519097222222,
      "layer2.2.conv2": 0.3444010416666667,
      "layer3.0.conv1": 0.3129340277777778,
      "layer3.0.conv2": 0.2719184027777778,
      "layer3.0.shortcut.0": 0.4052734375,
      "layer3.1.conv1": 0.2695583767361111,
      "layer3.1.conv2": 0.268310546875,
      "layer3.2.conv1": 0.2617730034722222,
      "layer3.2.conv2": 0.2686903211805556,
      "linear": 0.4321875
    }
  },
  "training": {
    "train_losses": [
      4.137262551621958,
      3.6025053601373327,
      3.262970777397806,
      2.952677795832807,
      2.6871197243983094,
      2.4709818342869934,
      2.2998512414368717,
      2.1688690598715437,
      2.0615037466314705,
      1.9652543362568726,
      1.8908456831493161,
      1.8355396369641477,
      1.7664746235717426,
      1.7279541546648198,
      1.6820327676832676,
      1.6496284214610404,
      1.615523317998106,
      1.581950246271762,
      1.5531634515659376,
      1.5305348279123956,
      1.5054964175955816,
      1.4923807494342327,
      1.4662985754283993,
      1.4574283612045376,
      1.4304772148078138,
      1.4168780777942052,
      1.3963549807667732,
      1.3808349418369206,
      1.3743185411122711,
      1.3682152002372525,
      1.3513756302947348,
      1.3410451110791077,
      1.3329829207875512,
      1.3195688812570139,
      1.302265273576433,
      1.29916119761765,
      1.2915683905170723,
      1.2819167952984571,
      1.280716964805668,
      1.2637551768936894,
      1.2613392978567968,
      1.262660508298061,
      1.2502480447292328,
      1.240503977137533,
      1.239614648744464,
      1.2304345775734296,
      1.2302864283661952,
      1.2255435846745968,
      1.20844381285662,
      1.2071605897085234,
      1.2046812252903527,
      1.1940774348649112,
      1.1912912826307795,
      1.186253402212804,
      1.1859736070036888,
      1.1871883088553494,
      1.1777465973388066,
      1.1749856732785702,
      1.1642559356987476,
      1.1670572698454966,
      1.1658555831421504,
      1.155804181471467,
      1.1557830931110815,
      1.1438450059768828,
      1.1422491754320534,
      1.1447461936622858,
      1.135011002421379,
      1.1378273596479134,
      1.1366709345443682,
      1.1371803354810586,
      1.129656894979152,
      1.132289257408543,
      1.1274277981032024,
      1.122640223327008,
      1.121382912112908,
      1.1145694946700877,
      1.117342689328573,
      1.1203903811560436,
      1.107799536802552,
      1.109701268882914,
      0.860972199589014,
      0.789464673366059,
      0.7523442007262598,
      0.7376304593953219,
      0.7240844112397595,
      0.7133373398841782,
      0.7012844235551629,
      0.6904204248196699,
      0.689937211827121,
      0.678581462834369,
      0.6702056121589108,
      0.6672916833988645,
      0.6625044251876798,
      0.6604237456552007,
      0.6537720901383595,
      0.6473290463909507,
      0.6444134068760005,
      0.637189612977884,
      0.6332539141347463,
      0.6313588107004762,
      0.6287542046471075,
      0.6247019023549828,
      0.6225635722618211,
      0.6193353811448271,
      0.612190318971195,
      0.6035924815488133,
      0.6081677232445641,
      0.6017381288957867,
      0.6032240895385091,
      0.6000151670622554,
      0.6007440445775335,
      0.5975393256680532,
      0.5872348543595184,
      0.5901358859105543,
      0.5827685662291266,
      0.5865436697548086,
      0.5854222064160488,
      0.5802337505262006,
      0.5819028248502449,
      0.5757440067827702,
      0.5334023884074255,
      0.5246177252212708,
      0.5243935888125137,
      0.5215771923011,
      0.5138943755829876,
      0.5130091181702234,
      0.5150497086684812,
      0.5147922939028252,
      0.5103535790165717,
      0.5128597216680646,
      0.5130489279770039,
      0.5078706064007499,
      0.5071628212251447,
      0.5098071221092885,
      0.507288971407847,
      0.5061133335429159,
      0.5059941461817785,
      0.5074535184116526,
      0.5046382544731552,
      0.5027850970456545,
      0.5005889311432838,
      0.5013768210668456,
      0.5011112220077352,
      0.4996108962222934,
      0.4976791362701492,
      0.4971199066970836,
      0.5000413035635244,
      0.4966239080849019,
      0.4954054623164914,
      0.49991296663541684,
      0.4945575308732011,
      0.49776265008205717,
      0.49645082491704007,
      0.4950602318752896,
      0.4942136826840314,
      0.5011621572246606,
      0.4980282665822994,
      0.4894355551593683,
      0.49260899805548514,
      0.49185539807446976
    ],