{
  "config": {
    "model_name": "resnet20",
    "dataset_name": "cifar10",
    "num_classes": 10,
    "target_sparsity": 0.3,
    "num_iterations": 5,
    "epochs_per_iteration": 100,
    "batch_size": 128,
    "learning_rate": 0.1,
    "momentum": 0.9,
    "weight_decay": 0.0005,
    "seed": 42,
    "use_global_pruning": true,
    "prune_rate_per_iteration": 0.06885008490516231
  },
  "iterations": [
    {
      "iteration": 0,
      "sparsity": 0.0,
      "remaining_weights_fraction": 1.0,
      "test_accuracy": 91.89,
      "test_loss": 0.28268011404743676,
      "train_accuracy_final": 99.02888888888889,
      "train_loss_final": 0.03793255218294111,
      "best_test_accuracy": 92.01,
      "layer_sparsities": {
        "conv1": 0.0,
        "layer1.0.conv1": 0.0,
        "layer1.0.conv2": 0.0,
        "layer1.1.conv1": 0.0,
        "layer1.1.conv2": 0.0,
        "layer1.2.conv1": 0.0,
        "layer1.2.conv2": 0.0,
        "layer2.0.conv1": 0.0,
        "layer2.0.conv2": 0.0,
        "layer2.0.shortcut.0": 0.0,
        "layer2.1.conv1": 0.0,
        "layer2.1.conv2": 0.0,
        "layer2.2.conv1": 0.0,
        "layer2.2.conv2": 0.0,
        "layer3.0.conv1": 0.0,
        "layer3.0.conv2": 0.0,
        "layer3.0.shortcut.0": 0.0,
        "layer3.1.conv1": 0.0,
        "layer3.1.conv2": 0.0,
        "layer3.2.conv1": 0.0,
        "layer3.2.conv2": 0.0,
        "linear": 0.0
      }
    },
    {
      "iteration": 1,
      "sparsity": 0.06885299155395429,
      "remaining_weights_fraction": 0.9311470084460457,
      "test_accuracy": 92.0,
      "test_loss": 0.27955715782657453,
      "train_accuracy_final": 99.11333333333333,
      "train_loss_final": 0.037638550507836044,
      "best_test_accuracy": 92.03,
      "layer_sparsities": {
        "conv1": 0.03935185185185185,
        "layer1.0.conv1": 0.09331597222222222,
        "layer1.0.conv2": 0.03993055555555555,
        "layer1.1.conv1": 0.058159722222222224,
        "layer1.1.conv2": 0.055989583333333336,
        "layer1.2.conv1": 0.05555555555555555,
        "layer1.2.conv2": 0.06987847222222222,
        "layer2.0.conv1": 0.041015625,
        "layer2.0.conv2": 0.044379340277777776,
        "layer2.0.shortcut.0": 0.029296875,
        "layer2.1.conv1": 0.053059895833333336,
        "layer2.1.conv2": 0.056315104166666664,
        "layer2.2.conv1": 0.0537109375,
        "layer2.2.conv2": 0.0595703125,
        "layer3.0.conv1": 0.05029296875,
        "layer3.0.conv2": 0.05287000868055555,
        "layer3.0.shortcut.0": 0.0361328125,
        "layer3.1.conv1": 0.05813259548611111,
        "layer3.1.conv2": 0.06646050347222222,
        "layer3.2.conv1": 0.06537543402777778,
        "layer3.2.conv2": 0.1399197048611111,
        "linear": 0.0
      }
    },
    {
      "iteration": 2,
      "sparsity": 0.1329661567538834,
      "remaining_weights_fraction": 0.8670338432461167,
      "test_accuracy": 91.71,
      "test_loss": 0.2939949449670466,
      "train_accuracy_final": 98.96666666666667,
      "train_loss_final": 0.041538808137622917,
      "best_test_accuracy": 91.71,
      "layer_sparsities": {
        "conv1": 0.12962962962962962,
        "layer1.0.conv1": 0.22005208333333334,
        "layer1.0.conv2": 0.08246527777777778,
        "layer1.1.conv1": 0.10026041666666667,
        "layer1.1.conv2": 0.10026041666666667,
        "layer1.2.conv1": 0.09461805555555555,
        "layer1.2.conv2": 0.12369791666666667,
        "layer2.0.conv1": 0.0779079861111111,
        "layer2.0.conv2": 0.08745659722222222,
        "layer2.0.shortcut.0": 0.056640625,
        "layer2.1.conv1": 0.10101996527777778,
        "layer2.1.conv2": 0.11100260416666667,
        "layer2.2.conv1": 0.1017795138888889,
        "layer2.2.conv2": 0.11751302083333333,
        "layer3.0.conv1": 0.10020616319444445,
        "layer3.0.conv2": 0.10142686631944445,
        "layer3.0.shortcut.0": 0.07958984375,
        "layer3.1.conv1": 0.10753038194444445,
        "layer3.1.conv2": 0.13245985243055555,
        "layer3.2.conv1": 0.13096788194444445,
        "layer3.2.conv2": 0.2633192274305556,
        "linear": 0.003125
      }
    },
    {
      "iteration": 3,
      "sparsity": 0.19266434351190126,
      "remaining_weights_fraction": 0.8073356564880987,
      "test_accuracy": 91.63,
      "test_loss": 0.285622639369361,
      "train_accuracy_final": 98.75555555555556,
      "train_loss_final": 0.044891900922679764,
      "best_test_accuracy": 91.8,
      "layer_sparsities": {
        "conv1": 0.15046296296296297,
        "layer1.0.conv1": 0.2699652777777778,
        "layer1.0.conv2": 0.12890625,
        "layer1.1.conv1": 0.1506076388888889,
        "layer1.1.conv2": 0.1506076388888889,
        "layer1.2.conv1": 0.13541666666666666,
        "layer1.2.conv2": 0.17447916666666666,
        "layer2.0.conv1": 0.1169704861111111,
        "layer2.0.conv2": 0.1310763888888889,
        "layer2.0.shortcut.0": 0.09765625,
        "layer2.1.conv1": 0.14583333333333334,
        "layer2.1.conv2": 0.162109375,
        "layer2.2.conv1": 0.1498480902777778,
        "layer2.2.conv2": 0.1723090277777778,
        "layer3.0.conv1": 0.14811197916666666,
        "layer3.0.conv2": 0.15296766493055555,
        "layer3.0.shortcut.0": 0.1171875,
        "layer3.1.conv1": 0.1605902777777778,
        "layer3.1.conv2": 0.19376627604166666,
        "layer3.2.conv1": 0.1918402777777778,
        "layer3.2.conv2": 0.36474609375,
        "linear": 0.009375
      }
    },
    {
      "iteration": 4,
      "sparsity": 0.24825394247238794,
      "remaining_weights_fraction": 0.751746057527612,
      "test_accuracy": 91.61,
      "test_loss": 0.28089181890216053,
      "train_accuracy_final": 98.69555555555556,
      "train_loss_final": 0.047153666004305705,
      "best_test_accuracy": 91.66,
      "layer_sparsities": {
        "conv1": 0.22453703703703703,
        "layer1.0.conv1": 0.3719618055555556,
        "layer1.0.conv2": 0.1684027777777778,
        "layer1.1.conv1": 0.1814236111111111,
        "layer1.1.conv2": 0.19010416666666666,
        "layer1.2.conv1": 0.2282986111111111,
        "layer1.2.conv2": 0.2647569444444444,
        "layer2.0.conv1": 0.15733506944444445,
        "layer2.0.conv2": 0.17176649305555555,
        "layer2.0.shortcut.0": 0.109375,
        "layer2.1.conv1": 0.1860894097222222,
        "layer2.1.conv2": 0.2074652777777778,
        "layer2.2.conv1": 0.1957465277777778,
        "layer2.2.conv2": 0.22721354166666666,
        "layer3.0.conv1": 0.1923285590277778,
        "layer3.0.conv2": 0.1965874565972222,
        "layer3.0.shortcut.0": 0.1533203125,
        "layer3.1.conv1": 0.20713975694444445,
        "layer3.1.conv2": 0.2500813802083333,
        "layer3.2.conv1": 0.2509494357638889,
        "layer3.2.conv2": 0.4559190538194444,
        "linear": 0.0140625
      }
    },
    {
      "iteration": 5,
      "sparsity": 0.30001550410489636,
      "remaining_weights_fraction": 0.6999844958951036,
      "test_accuracy": 90.95,
      "test_loss": 0.30492033177538763,
      "train_accuracy_final": 98.45555555555555,
      "train_loss_final": 0.05498547107775018,
      "best_test_accuracy": 91.06,
      "layer_sparsities": {
        "conv1": 0.33564814814814814,
        "layer1.0.conv1": 0.484375,
        "layer1.0.conv2": 0.20789930555555555,
        "layer1.1.conv1": 0.21875,
        "layer1.1.conv2": 0.24348958333333334,
        "layer1.2.conv1": 0.2651909722222222,
        "layer1.2.conv2": 0.3020833333333333,
        "layer2.0.conv1": 0.1970486111111111,
        "layer2.0.conv2": 0.21321614583333334,
        "layer2.0.shortcut.0": 0.142578125,
        "layer2.1.conv1": 0.2279730902777778,
        "layer2.1.conv2": 0.2553168402777778,
        "layer2.2.conv1": 0.23936631944444445,
        "layer2.2.conv2": 0.2770182291666667,
        "layer3.0.conv1": 0.2368706597222222,
        "layer3.0.conv2": 0.2437065972222222,
        "layer3.0.shortcut.0": 0.1904296875,
        "layer3.1.conv1": 0.2550184461805556,
        "layer3.1.conv2": 0.3018663194444444,