{
  "config": {
    "algorithm": "synflow",
    "model_name": "resnet20",
    "dataset_name": "cifar10",
    "num_classes": 10,
    "rho": 10.0,
    "synflow_iters": 100,
    "epochs": 160,
    "batch_size": 128,
    "learning_rate": 0.1,
    "momentum": 0.9,
    "weight_decay": 0.0001,
    "lr_milestones": [
      80,
      120
    ],
    "lr_gamma": 0.1,
    "seed": 42
  },
  "pruning": {
    "overall_sparsity": 0.9000059063256748,
    "layer_sparsities": {
      "conv1": 0.12731481481481483,
      "layer1.0.conv1": 0.453125,
      "layer1.0.conv2": 0.4513888888888889,
      "layer1.1.conv1": 0.4435763888888889,
      "layer1.1.conv2": 0.4539930555555556,
      "layer1.2.conv1": 0.4457465277777778,
      "layer1.2.conv2": 0.44921875,
      "layer2.0.conv1": 0.6714409722222222,
      "layer2.0.conv2": 0.833984375,
      "layer2.0.shortcut.0": 0.984375,
      "layer2.1.conv1": 0.8388671875,
      "layer2.1.conv2": 0.8315972222222222,
      "layer2.2.conv1": 0.8390842013888888,
      "layer2.2.conv2": 0.8331163194444444,
      "layer3.0.conv1": 0.9149848090277778,
      "layer3.0.conv2": 0.9573025173611112,
      "layer3.0.shortcut.0": 1.0,
      "layer3.1.conv1": 0.9577094184027778,
      "layer3.1.conv2": 0.9554578993055556,
      "layer3.2.conv1": 0.9609375,
      "layer3.2.conv2": 0.9526909722222222,
      "linear": 0.2734375
    },
    "pruning_time_seconds": 2.9721221923828125,
    "synflow_iters": 100
  },
  "training": {
    "train_losses": [
      1.8052114444700154,
      1.4046497934243896,
      1.1690166121856733,
      1.0462181629105047,
      0.967739615928043,
      0.908379169519652,
      0.8641868531703949,
      0.8179320711642504,
      0.7861945141445507,
      0.7496811129491437,
      0.7282210922038014,
      0.7105559334158897,
      0.6921564616601575,
      0.6761933856389739,
      0.6607784116640687,
      0.6503922014751218,
      0.6328020856969736,
      0.630503727461804,
      0.620483372868462,
      0.6093072036111896,
      0.6063016571781852,
      0.5930935324762355,
      0.5867452157491987,
      0.5876772862605073,
      0.5788626023991541,
      0.5708852036094124,
      0.5747817856344309,
      0.5641939010132443,
      0.5583773973313245,
      0.5543890668248589,
      0.5549948867410421,
      0.5443574381484226,
      0.5445817980745976,
      0.5354001053862951,
      0.5435676191171462,
      0.5328012020750479,
      0.5345538012175397,
      0.5360266216607257,
      0.5289025748656555,
      0.5228750096126036,
      0.5260113470933654,
      0.5233279262584719,
      0.5184494479644027,
      0.5193619680675593,
      0.5124352715740149,
      0.5170773293145678,
      0.5114767547188834,
      0.5036305973136966,
      0.5092876595021649,
      0.5087359048934146,
      0.5029139853167263,
      0.5050238577479665,
      0.4974778009239923,
      0.49788582943041215,
      0.4902633928947828,
      0.4981490989131006,
      0.5014352961866693,
      0.4963645651428537,
      0.49412171957506373,
      0.4874527393416925,
      0.48835566072640096,
      0.4925932663238861,
      0.4866831131618131,
      0.48971929401159286,
      0.49238140923394397,
      0.48464471770619805,
      0.4839838177643039,
      0.48242650291120465,
      0.48517200541259214,
      0.4798898460258814,
      0.47833655994724145,
      0.48392781979319727,
      0.4763203976167874,
      0.4817760852588849,
      0.4812693212350661,
      0.4825056651607156,
      0.47693452509966766,
      0.47520477654920384,
      0.4767639036713676,
      0.4750484343279492,
      0.3862838804806498,
      0.36270364839583635,
      0.35288602244955575,
      0.34682978329841385,
      0.3474790300242603,
      0.3431206685914235,
      0.3386445666070689,
      0.33507103011520073,
      0.3357503771443259,
      0.3337649254297668,
      0.33027492988515983,
      0.3268407243727283,
      0.3287233170545237,
      0.3249374692836268,
      0.32905089304867113,
      0.3217843163081191,
      0.32396020232276485,
      0.32192327099090273,
      0.32264069954610686,
      0.3199597368101505,
      0.31820368974215607,
      0.32126378814097156,
      0.31748624048619106,
      0.3155266098170118,
      0.31578140176663344,
      0.3134239297360182,
      0.3141618898053738,
      0.3131488944319161,
      0.31275817040692677,
      0.3124553671699356,
      0.31527379764751956,
      0.3100841593166644,
      0.30936404575847765,
      0.3105265976945785,
      0.30860805594023655,
      0.31094989824024116,
      0.3083702939223837,
      0.31150380708277225,
      0.30775956060229376,
      0.30748050659894943,
      0.2941430657678707,
      0.28845523166554893,
      0.28689660817723384,
      0.2856504834595729,
      0.28437541823156853,
      0.284468689721755,
      0.28341925504024734,
      0.2888945388099687,
      0.28345948770980944,
      0.2870174579914998,
      0.28590005852112715,
      0.28468164934946055,
      0.2829849595965987,
      0.2839909409257499,
      0.2841504465957934,
      0.2819124447943812,
      0.2853367429395968,
      0.28299098766662856,
      0.282760000766509,
      0.2800669072365219,
      0.28515862669287756,
      0.2813503661362285,
      0.28221881491216744,
      0.282982944002883,
      0.2806411624716764,
      0.2826325921341777,
      0.27775053502145136,
      0.28072151478210633,
      0.279041975482621,
      0.27548244811425154,
      0.28137381484901364,
      0.2777976009740748,
      0.2816572498360818,
      0.28209920011630113,
      0.27584186526523397,
      0.2822305594824932,
      0.2779939593535594,
      0.27836014444685797,
      0.2791987152939493,
      0.27788328819654207
    ],