{
  "config": {
    "algorithm": "grasp",
    "model_name": "resnet20",
    "dataset_name": "cifar100",
    "num_classes": 100,
    "target_sparsity": 0.9,
    "epochs": 160,
    "batch_size": 128,
    "learning_rate": 0.1,
    "momentum": 0.9,
    "weight_decay": 0.0001,
    "lr_milestones": [
      80,
      120
    ],
    "lr_gamma": 0.1,
    "samples_per_class": 10,
    "grasp_T": 200.0,
    "grasp_iters": 1,
    "seed": 42
  },
  "pruning": {
    "overall_sparsity": 0.9000021687583136,
    "layer_sparsities": {
      "conv1": 0.5717592592592593,
      "layer1.0.conv1": 0.671875,
      "layer1.0.conv2": 0.6883680555555556,
      "layer1.1.conv1": 0.7222222222222222,
      "layer1.1.conv2": 0.7300347222222222,
      "layer1.2.conv1": 0.7404513888888888,
      "layer1.2.conv2": 0.7430555555555556,
      "layer2.0.conv1": 0.77734375,
      "layer2.0.conv2": 0.8395182291666666,
      "layer2.0.shortcut.0": 0.6484375,
      "layer2.1.conv1": 0.837890625,
      "layer2.1.conv2": 0.8333333333333334,
      "layer2.2.conv1": 0.8491753472222222,
      "layer2.2.conv2": 0.8541666666666666,
      "layer3.0.conv1": 0.8875868055555556,
      "layer3.0.conv2": 0.9356553819444444,
      "layer3.0.shortcut.0": 0.76171875,
      "layer3.1.conv1": 0.9356825086805556,
      "layer3.1.conv2": 0.9359809027777778,
      "layer3.2.conv1": 0.9422471788194444,
      "layer3.2.conv2": 0.9407009548611112,
      "linear": 0.82390625
    }
  },
  "training": {
    "train_losses": [
      4.170492273840037,
      3.7079205113378437,
      3.442402058704333,
      3.1988849382508886,
      3.0097859752449123,
      2.865429979156364,
      2.757395679977807,
      2.6785023124380545,
      2.58818597685207,
      2.538860822943124,
      2.477185435593128,
      2.4392540122975004,
      2.3966708433899013,
      2.3531677397814663,
      2.3385386859828774,
      2.3055704090405595,
      2.2877657291564075,
      2.2581442912871186,
      2.239948397332972,
      2.226535941050811,
      2.2018930353224277,
      2.1850323389199646,
      2.178975263441151,
      2.1560864228416574,
      2.1480332027104767,
      2.134150593118234,
      2.113313276320696,
      2.105675691908056,
      2.094371757046743,
      2.092626556076787,
      2.0899868946183813,
      2.072905620052056,
      2.07541543177583,
      2.056813519448042,
      2.040101855993271,
      2.0366622314534406,
      2.0320043469017204,
      2.026531770825386,
      2.0273538086224687,
      2.01482169567184,
      2.0125200443647127,
      2.007284194569696,
      1.9952370968054642,
      1.989617272195491,
      1.9914592267437414,
      1.982287298887968,
      1.987995107742873,
      1.9744928672232411,
      1.971445902843367,
      1.9702475199645215,
      1.9640377946197987,
      1.9549411775713617,
      1.961128007620573,
      1.9554848488081584,
      1.9536462527784435,
      1.9403487921438434,
      1.944976755502549,
      1.9480800276452845,
      1.9355103014545008,
      1.947203504768285,
      1.9434593113308603,
      1.926418797197667,
      1.9314740716733716,
      1.9244640649042346,
      1.922928909347816,
      1.9137312282215466,
      1.9091391776773063,
      1.9158974845301022,
      1.911537598141215,
      1.9123074087229641,
      1.9081206660379062,
      1.9159551130777055,
      1.903604532507333,
      1.9009589918635108,
      1.896378467367454,
      1.8963903134519404,
      1.8947159119627692,
      1.900249227542769,
      1.8964547789232298,
      1.8877684155648404,
      1.6751622865823181,
      1.6209021400321613,
      1.6099334267730063,
      1.5933616249398752,
      1.5903952352025292,
      1.580190859735012,
      1.5745805512097748,
      1.5753122510557824,
      1.5710144947198303,
      1.5672919841652566,
      1.5679751952940768,
      1.560627682981166,
      1.5621821064163337,
      1.5536613525314764,
      1.5589887516742402,
      1.5507669232108376,
      1.5476222119548104,
      1.550349334762855,
      1.5445432551205158,
      1.544920831241391,
      1.5486449958248572,
      1.5416628078303554,
      1.5453936884349042,
      1.5439585606482895,
      1.5360477658157998,
      1.5333728129890831,
      1.5325961485505104,
      1.5348876684226773,
      1.537946061993187,
      1.5354517363011837,
      1.5331853645091706,
      1.5355367172848096,
      1.5333867469294504,
      1.5290514525364747,
      1.5270900502800941,
      1.5245366323400626,
      1.5253957777538083,
      1.5240551809018308,
      1.5233871838585897,
      1.5161582895300605,
      1.4898473136126995,
      1.474796636876735,
      1.4832668158818374,
      1.4742437028749422,
      1.4725964827971025,
      1.4699618030678143,
      1.4753490330820733,
      1.4715578925203194,
      1.4746950908818028,
      1.4716762951151892,
      1.474807115102356,
      1.4728052467107773,
      1.4711671840738167,
      1.4685188806192442,
      1.4743363877589053,
      1.4679757597094232,
      1.4697565283964982,
      1.4704529331489042,
      1.472767242992466,
      1.4736661860211329,
      1.4628635682165623,
      1.47000835260207,
      1.4715200828557664,
      1.4683934544975108,
      1.4681169891899282,
      1.4632360037754883,
      1.4694309888238257,
      1.4660417037931355,
      1.4662894003770568,
      1.4666538106446916,
      1.4685566896064715,
      1.4645261063494466,
      1.4650704847140745,
      1.4598911326717248,
      1.4597094726156106,
      1.4598663889548995,
      1.4604459448971532,
      1.4609803008762272,
      1.4634261910210957,
      1.4672569039870391
    ],