{
  "config": {
    "algorithm": "grasp",
    "model_name": "resnet20",
    "dataset_name": "cifar100",
    "num_classes": 100,
    "target_sparsity": 0.6,
    "epochs": 160,
    "batch_size": 128,
    "learning_rate": 0.1,
    "momentum": 0.9,
    "weight_decay": 0.0001,
    "lr_milestones": [
      80,
      120
    ],
    "lr_gamma": 0.1,
    "samples_per_class": 10,
    "grasp_T": 200.0,
    "grasp_iters": 1,
    "seed": 42
  },
  "pruning": {
    "overall_sparsity": 0.6000014458388757,
    "layer_sparsities": {
      "conv1": 0.4861111111111111,
      "layer1.0.conv1": 0.5243055555555556,
      "layer1.0.conv2": 0.5286458333333334,
      "layer1.1.conv1": 0.5329861111111112,
      "layer1.1.conv2": 0.5451388888888888,
      "layer1.2.conv1": 0.5377604166666666,
      "layer1.2.conv2": 0.5368923611111112,
      "layer2.0.conv1": 0.5407986111111112,
      "layer2.0.conv2": 0.5706380208333334,
      "layer2.0.shortcut.0": 0.509765625,
      "layer2.1.conv1": 0.5645616319444444,
      "layer2.1.conv2": 0.57421875,
      "layer2.2.conv1": 0.5728081597222222,
      "layer2.2.conv2": 0.5732421875,
      "layer3.0.conv1": 0.5859375,
      "layer3.0.conv2": 0.6160753038194444,
      "layer3.0.shortcut.0": 0.5361328125,
      "layer3.1.conv1": 0.61328125,
      "layer3.1.conv2": 0.6163465711805556,
      "layer3.2.conv1": 0.6199001736111112,
      "layer3.2.conv2": 0.6160481770833334,
      "linear": 0.59828125
    }
  },
  "training": {
    "train_losses": [
      4.131965930488977,
      3.6083933744918215,
      3.2916973795403135,
      2.9951682768084784,
      2.7395698367194696,
      2.5377056402238933,
      2.3858607157387515,
      2.27396017245271,
      2.1764371950518,
      2.101337994364175,
      2.0289495780386706,
      1.9738768227398396,
      1.9204719486561688,
      1.8758192180909894,
      1.8329058641737157,
      1.8017727939242667,
      1.7738903002305464,
      1.7391850806095384,
      1.715887925164266,
      1.691576255654747,
      1.667278279973702,
      1.647854508324103,
      1.63092150200497,
      1.6133200238374146,
      1.594241758977825,
      1.5831676752052524,
      1.5671256472441284,
      1.5561534630304033,
      1.5366356013850733,
      1.5309228649870916,
      1.5162119641900063,
      1.5165899267250842,
      1.5040274540131742,
      1.495072010227225,
      1.4796710149808363,
      1.47128563137217,
      1.4713658399202607,
      1.4649375971745362,
      1.4490112946792082,
      1.4394823072308844,
      1.4346500838344747,
      1.431046698242426,
      1.4239951568571003,
      1.4171336164528674,
      1.424847020005638,
      1.4032163609835235,
      1.4042133976790039,
      1.4019672254269773,
      1.3925985473800788,
      1.3878916522318667,
      1.386291371489113,
      1.3747874505140565,
      1.3757449418983676,
      1.3746874757449736,
      1.3714227784763684,
      1.368129114535722,
      1.3561880937354132,
      1.3557249519296668,
      1.3496822262690826,
      1.359876699745655,
      1.348087421872399,
      1.3492311234162613,
      1.344398740848357,
      1.33171030303294,
      1.3313956607810475,
      1.3281325890936635,
      1.326963392678987,
      1.328327296979048,
      1.320500081574375,
      1.3257085970518263,
      1.312514572658322,
      1.3181787432933396,
      1.3072128576988524,
      1.3161391018127853,
      1.3050468902696262,
      1.304780196567828,
      1.304850665683096,
      1.303378406742757,
      1.2990502010692249,
      1.2974995886060325,
      1.062807142057202,
      0.9889553841203451,
      0.9619543892754749,
      0.9428159870545972,
      0.9369724292985417,
      0.9292390614070676,
      0.9208736624568701,
      0.9075503283264962,
      0.902938808399168,
      0.8981952125375922,
      0.8907919073985382,
      0.8883809623393145,
      0.8857121550562707,
      0.8840447222305969,
      0.8777399628677152,
      0.8687638254328207,
      0.8644729471680793,
      0.8653764130378311,
      0.8625412657856941,
      0.8576543527570638,
      0.8579888272691857,
      0.8523138932545077,
      0.8531946485692804,
      0.8427026695148512,
      0.8445560937239365,
      0.8366622736846859,
      0.8407784065401013,
      0.8358986367556182,
      0.8385529132051901,
      0.8332218449901451,
      0.837088287554004,
      0.8282672972841696,
      0.8249642075124112,
      0.8238412346690893,
      0.8229799211363901,
      0.8281808141618967,
      0.821374352259392,
      0.8160493013195016,
      0.8208274475552819,
      0.8174747907641259,
      0.7732930102131583,
      0.7655940795825287,
      0.7622711934487928,
      0.7627338299697096,
      0.7578419389372523,
      0.753469718112187,
      0.7577833243730393,
      0.7549557289616629,
      0.7558434637771412,
      0.7565737398849293,
      0.7526383954523639,
      0.754808743568984,
      0.7503417965702035,
      0.7537325251508843,
      0.7511390442536636,
      0.747461423785849,
      0.7491949487646873,
      0.7457260836593129,
      0.7534751013259996,
      0.7477506309409033,
      0.7464581391012127,
      0.7520484978502447,
      0.7423822163519535,
      0.744794347408143,
      0.7456015803089197,
      0.7451584632085129,
      0.7442792662504044,
      0.7401360822841525,
      0.7407103469595313,
      0.7417778914624994,
      0.7428109320727262,
      0.7396755877204917,
      0.742507644336332,
      0.7366135399788618,
      0.7414655805650082,
      0.7368070217357441,
      0.7377008479088545,
      0.7362196858633648,
      0.7397924041036855,
      0.7391573517498645
    ],