{
  "config": {
    "algorithm": "synflow",
    "model_name": "resnet20",
    "dataset_name": "cifar10",
    "num_classes": 10,
    "rho": 1.43,
    "synflow_iters": 100,
    "epochs": 160,
    "batch_size": 128,
    "learning_rate": 0.1,
    "momentum": 0.9,
    "weight_decay": 0.0001,
    "lr_milestones": [
      80,
      120
    ],
    "lr_gamma": 0.1,
    "seed": 42
  },
  "pruning": {
    "overall_sparsity": 0.30070580591813834,
    "layer_sparsities": {
      "conv1": 0.006944444444444444,
      "layer1.0.conv1": 0.028211805555555556,
      "layer1.0.conv2": 0.025607638888888888,
      "layer1.1.conv1": 0.029079861111111112,
      "layer1.1.conv2": 0.030381944444444444,
      "layer1.2.conv1": 0.0234375,
      "layer1.2.conv2": 0.02734375,
      "layer2.0.conv1": 0.052300347222222224,
      "layer2.0.conv2": 0.111328125,
      "layer2.0.shortcut.0": 0.359375,
      "layer2.1.conv1": 0.10579427083333333,
      "layer2.1.conv2": 0.11219618055555555,
      "layer2.2.conv1": 0.1052517361111111,
      "layer2.2.conv2": 0.10785590277777778,
      "layer3.0.conv1": 0.2070855034722222,
      "layer3.0.conv2": 0.3770345052083333,
      "layer3.0.shortcut.0": 0.94384765625,
      "layer3.1.conv1": 0.3729383680555556,
      "layer3.1.conv2": 0.3750813802083333,
      "layer3.2.conv1": 0.3760036892361111,
      "layer3.2.conv2": 0.3950737847222222,
      "linear": 0.009375
    },
    "pruning_time_seconds": 2.5024337768554688,
    "synflow_iters": 100
  },
  "training": {
    "train_losses": [
      1.7798740901052952,
      1.3236723496493967,
      1.0785546099597758,
      0.9293391931463372,
      0.8022945734926246,
      0.726104108532044,
      0.6725201851434328,
      0.6253470676019788,
      0.5899700039828365,
      0.5513900802047416,
      0.5308276071975176,
      0.5117240589620038,
      0.49212385968051175,
      0.4745239017700607,
      0.4616055608811704,
      0.44770619696514175,
      0.434227044059133,
      0.42494640088724817,
      0.416844199157574,
      0.40768635154447774,
      0.39602489803325047,
      0.39265316432680597,
      0.3804735991341824,
      0.37828739470040257,
      0.36433210935104976,
      0.3629269877194681,
      0.3610012736171484,
      0.3533318881792101,
      0.3467935227196325,
      0.3475956480357457,
      0.33974923963912507,
      0.334085913121023,
      0.32783800088377163,
      0.32830670539459045,
      0.32401134179566393,
      0.3176341992802918,
      0.31490012287924235,
      0.3151240134611726,
      0.31216846211728727,
      0.3031595056368546,
      0.3064422163773667,
      0.30575396526943555,
      0.302907703359696,
      0.29679294324226,
      0.29578627487221226,
      0.2926336959089068,
      0.29063122093000193,
      0.2876153090460734,
      0.28857903995297174,
      0.2855613120746883,
      0.2824400764128024,
      0.28296475842679764,
      0.2776425471952693,
      0.27757745718752797,
      0.2704349837519906,
      0.27831188405186613,
      0.271468866341324,
      0.2753878887319429,
      0.2727887594479729,
      0.2663254767486995,
      0.264500055864284,
      0.27018957104618574,
      0.2662321433678947,
      0.2601462672041221,
      0.2680514733180065,
      0.26246331640603865,
      0.26387175485830416,
      0.25958659121004696,
      0.2588522497098893,
      0.2557754886802286,
      0.2608261512677101,
      0.25336161761713977,
      0.2562475978312167,
      0.2569597210015424,
      0.2546937803060494,
      0.2508575404909524,
      0.2541934115261855,
      0.251321660481732,
      0.2514007568613372,
      0.2484287750187584,
      0.1619392253500833,
      0.13297663498881526,
      0.1202251640656455,
      0.11133718317035925,
      0.10979655414121225,
      0.1030638572093184,
      0.09934568342181262,
      0.09534916156289083,
      0.09261364651716907,
      0.0902150820792568,
      0.08700536867201497,
      0.08636887918692082,
      0.08236131759423931,
      0.07838588069849224,
      0.07792065491561186,
      0.07736683957575058,
      0.07611102306559174,
      0.07386026744709605,
      0.07175430457573384,
      0.06968798603735525,
      0.068897600767245,
      0.06695408421695571,
      0.0692114825386935,
      0.06418752992546863,
      0.06330790011402727,
      0.06218301789538765,
      0.06176497596739368,
      0.06039804412549446,
      0.06119493050342002,
      0.05651672759929418,
      0.05744376775427637,
      0.056565726694481615,
      0.053272256820822476,
      0.05328816310132176,
      0.05308821487282826,
      0.05475953413670967,
      0.055507378303445876,
      0.05200597575590522,
      0.05303026755626144,
      0.05041412806498225,
      0.044184217316797,
      0.04211844842013141,
      0.040496906887380064,
      0.03865891807866071,
      0.03902809719147626,
      0.038227997143456545,
      0.036660084883227355,
      0.03847867498089644,
      0.037892360324886715,
      0.038606699630194766,
      0.0375300501473248,
      0.03638127818042201,
      0.03915151629718656,
      0.03552873348367443,
      0.03597545580123551,
      0.03554137136697219,
      0.03695138632478616,
      0.0367079814380056,
      0.03662218749311499,
      0.034863144098463555,
      0.03581062094864054,
      0.03424508836310865,
      0.034085450092044826,
      0.03496324444528331,
      0.03559466639126185,
      0.03438200932313604,
      0.03529094166482206,
      0.03431764669420028,
      0.03283051969695159,
      0.0329031584630932,
      0.03258574379089458,
      0.033097335837241684,
      0.03341095429046122,
      0.03544283723617396,
      0.03327101183160928,
      0.03348926832735411,
      0.033268794368433934,
      0.032365666804253124,
      0.031438830147222194,
      0.03247725296321071
    ],