{
  "config": {
    "model_name": "resnet20",
    "dataset_name": "cifar100",
    "num_classes": 100,
    "target_sparsity": 0.9,
    "num_iterations": 5,
    "epochs_per_iteration": 100,
    "batch_size": 128,
    "learning_rate": 0.1,
    "momentum": 0.9,
    "weight_decay": 0.0005,
    "seed": 42,
    "use_global_pruning": true,
    "prune_rate_per_iteration": 0.36904265551980675
  },
  "iterations": [
    {
      "iteration": 0,
      "sparsity": 0.0,
      "remaining_weights_fraction": 1.0,
      "test_accuracy": 67.06,
      "test_loss": 1.206706400159039,
      "train_accuracy_final": 85.58666666666667,
      "train_loss_final": 0.5078557504510338,
      "best_test_accuracy": 67.31,
      "layer_sparsities": {
        "conv1": 0.0,
        "layer1.0.conv1": 0.0,
        "layer1.0.conv2": 0.0,
        "layer1.1.conv1": 0.0,
        "layer1.1.conv2": 0.0,
        "layer1.2.conv1": 0.0,
        "layer1.2.conv2": 0.0,
        "layer2.0.conv1": 0.0,
        "layer2.0.conv2": 0.0,
        "layer2.0.shortcut.0": 0.0,
        "layer2.1.conv1": 0.0,
        "layer2.1.conv2": 0.0,
        "layer2.2.conv1": 0.0,
        "layer2.2.conv2": 0.0,
        "layer3.0.conv1": 0.0,
        "layer3.0.conv2": 0.0,
        "layer3.0.shortcut.0": 0.0,
        "layer3.1.conv1": 0.0,
        "layer3.1.conv2": 0.0,
        "layer3.2.conv1": 0.0,
        "layer3.2.conv2": 0.0,
        "linear": 0.0
      }
    },
    {
      "iteration": 1,
      "sparsity": 0.3690467584292406,
      "remaining_weights_fraction": 0.6309532415707594,
      "test_accuracy": 65.64,
      "test_loss": 1.2463027487827252,
      "train_accuracy_final": 81.08888888888889,
      "train_loss_final": 0.658596960912374,
      "best_test_accuracy": 65.64,
      "layer_sparsities": {
        "conv1": 0.1550925925925926,
        "layer1.0.conv1": 0.3706597222222222,
        "layer1.0.conv2": 0.3689236111111111,
        "layer1.1.conv1": 0.4370659722222222,
        "layer1.1.conv2": 0.4266493055555556,
        "layer1.2.conv1": 0.3719618055555556,
        "layer1.2.conv2": 0.4995659722222222,
        "layer2.0.conv1": 0.365234375,
        "layer2.0.conv2": 0.361328125,
        "layer2.0.shortcut.0": 0.240234375,
        "layer2.1.conv1": 0.3721788194444444,
        "layer2.1.conv2": 0.3731553819444444,
        "layer2.2.conv1": 0.3208550347222222,
        "layer2.2.conv2": 0.3791232638888889,
        "layer3.0.conv1": 0.3242730034722222,
        "layer3.0.conv2": 0.3494737413194444,
        "layer3.0.shortcut.0": 0.24560546875,
        "layer3.1.conv1": 0.3373480902777778,
        "layer3.1.conv2": 0.3695475260416667,
        "layer3.2.conv1": 0.3493109809027778,
        "layer3.2.conv2": 0.5169542100694444,
        "linear": 0.0809375
      }
    },
    {
      "iteration": 2,
      "sparsity": 0.6018991093632525,
      "remaining_weights_fraction": 0.3981008906367475,
      "test_accuracy": 64.83,
      "test_loss": 1.2759541876708405,
      "train_accuracy_final": 76.02444444444444,
      "train_loss_final": 0.8201570810580795,
      "best_test_accuracy": 64.83,
      "layer_sparsities": {
        "conv1": 0.25462962962962965,
        "layer1.0.conv1": 0.5594618055555556,
        "layer1.0.conv2": 0.5759548611111112,
        "layer1.1.conv1": 0.6653645833333334,
        "layer1.1.conv2": 0.6940104166666666,
        "layer1.2.conv1": 0.6150173611111112,
        "layer1.2.conv2": 0.7439236111111112,
        "layer2.0.conv1": 0.5883246527777778,
        "layer2.0.conv2": 0.5963541666666666,
        "layer2.0.shortcut.0": 0.498046875,
        "layer2.1.conv1": 0.6028645833333334,
        "layer2.1.conv2": 0.5954861111111112,
        "layer2.2.conv1": 0.5372178819444444,
        "layer2.2.conv2": 0.6042751736111112,
        "layer3.0.conv1": 0.5574544270833334,
        "layer3.0.conv2": 0.5820583767361112,
        "layer3.0.shortcut.0": 0.4482421875,
        "layer3.1.conv1": 0.5613064236111112,
        "layer3.1.conv2": 0.6004503038194444,
        "layer3.2.conv1": 0.583984375,
        "layer3.2.conv2": 0.7974175347222222,
        "linear": 0.17234375
      }
    },
    {
      "iteration": 3,
      "sparsity": 0.7488180267191025,
      "remaining_weights_fraction": 0.25118197328089753,
      "test_accuracy": 62.6,
      "test_loss": 1.3445460735997068,
      "train_accuracy_final": 71.16444444444444,
      "train_loss_final": 1.0044842702759937,
      "best_test_accuracy": 62.61,
      "layer_sparsities": {
        "conv1": 0.39351851851851855,
        "layer1.0.conv1": 0.70703125,
        "layer1.0.conv2": 0.7183159722222222,
        "layer1.1.conv1": 0.7903645833333334,
        "layer1.1.conv2": 0.8077256944444444,
        "layer1.2.conv1": 0.7421875,
        "layer1.2.conv2": 0.8268229166666666,
        "layer2.0.conv1": 0.7300347222222222,
        "layer2.0.conv2": 0.7648654513888888,
        "layer2.0.shortcut.0": 0.623046875,
        "layer2.1.conv1": 0.7451171875,
        "layer2.1.conv2": 0.7362196180555556,
        "layer2.2.conv1": 0.6956380208333334,
        "layer2.2.conv2": 0.7466362847222222,
        "layer3.0.conv1": 0.7152777777777778,
        "layer3.0.conv2": 0.7363552517361112,
        "layer3.0.shortcut.0": 0.61572265625,
        "layer3.1.conv1": 0.7172580295138888,
        "layer3.1.conv2": 0.7493760850694444,
        "layer3.2.conv1": 0.7319064670138888,
        "layer3.2.conv2": 0.9305555555555556,
        "linear": 0.28078125
      }
    },
    {
      "iteration": 4,
      "sparsity": 0.8415179862356139,
      "remaining_weights_fraction": 0.1584820137643861,
      "test_accuracy": 58.45,
      "test_loss": 1.4875333792046657,
      "train_accuracy_final": 64.71555555555555,
      "train_loss_final": 1.2386255475946448,
      "best_test_accuracy": 58.65,
      "layer_sparsities": {
        "conv1": 0.4976851851851852,
        "layer1.0.conv1": 0.7886284722222222,
        "layer1.0.conv2": 0.8146701388888888,
        "layer1.1.conv1": 0.8836805555555556,
        "layer1.1.conv2": 0.8689236111111112,
        "layer1.2.conv1": 0.8224826388888888,
        "layer1.2.conv2": 0.8888888888888888,
        "layer2.0.conv1": 0.841796875,
        "layer2.0.conv2": 0.8567708333333334,
        "layer2.0.shortcut.0": 0.7265625,
        "layer2.1.conv1": 0.8331163194444444,
        "layer2.1.conv2": 0.8280164930555556,
        "layer2.2.conv1": 0.7945963541666666,
        "layer2.2.conv2": 0.841796875,
        "layer3.0.conv1": 0.8166232638888888,
        "layer3.0.conv2": 0.8364800347222222,
        "layer3.0.shortcut.0": 0.736328125,
        "layer3.1.conv1": 0.8234320746527778,
        "layer3.1.conv2": 0.845947265625,
        "layer3.2.conv1": 0.8359917534722222,
        "layer3.2.conv2": 0.9810655381944444,
        "linear": 0.385
      }
    },
    {
      "iteration": 5,
      "sparsity": 0.9000093979526922,
      "remaining_weights_fraction": 0.09999060204730781,
      "test_accuracy": 54.85,
      "test_loss": 1.6299791728393942,
      "train_accuracy_final": 58.888888888888886,
      "train_loss_final": 1.479990212416107,
      "best_test_accuracy": 54.86,
      "layer_sparsities": {
        "conv1": 0.5856481481481481,
        "layer1.0.conv1": 0.8689236111111112,
        "layer1.0.conv2": 0.8776041666666666,
        "layer1.1.conv1": 0.9270833333333334,
        "layer1.1.conv2": 0.9283854166666666,
        "layer1.2.conv1": 0.8923611111111112,
        "layer1.2.conv2": 0.9370659722222222,
        "layer2.0.conv1": 0.9016927083333334,
        "layer2.0.conv2": 0.9137369791666666,
        "layer2.0.shortcut.0": 0.826171875,
        "layer2.1.conv1": 0.890625,
        "layer2.1.conv2": 0.8918185763888888,
        "layer2.2.conv1": 0.8700086805555556,
        "layer2.2.conv2": 0.9015842013888888,
        "layer3.0.conv1": 0.88818359375,
        "layer3.0.conv2": 0.8994954427083334,
        "layer3.0.shortcut.0": 0.826171875,
        "layer3.1.conv1": 0.8890245225694444,
        "layer3.1.conv2": 0.9072536892361112,
        "layer3.2.conv1": 0.904052734375,