{
  "config": {
    "algorithm": "earlybird_resnet",
    "model": "resnet20",
    "dataset": "cifar100",
    "seed": 42,
    "target_sparsity": 0.3,
    "total_epochs": 160,
    "batch_size": 128,
    "learning_rate": 0.1,
    "lr_milestones": [
      80,
      120
    ],
    "lr_gamma": 0.1,
    "momentum": 0.9,
    "weight_decay": 0.0001,
    "l1_coef": 0.0001,
    "distance_threshold": 0.1,
    "patience": 5,
    "pruning_method": "global"
  },
  "final_results": {
    "converged": true,
    "convergence_epoch": 7,
    "best_test_accuracy": 62.43,
    "test_accuracy_at_convergence": 9.29,
    "final_sparsity": 0.2469939446366782
  },
  "search_history": {
    "epoch": [
      0,
      1,
      2,
      3,
      4,
      5,
      6,
      7
    ],
    "train_loss": [
      4.063374508327908,
      3.599425772052341,
      3.248570306523641,
      2.9323804079267712,
      2.6549405172136096,
      2.4386554842207167,
      2.265645115788778,
      2.126169422488742
    ],
    "train_acc": [
      6.777777777777778,
      13.584444444444445,
      20.27777777777778,
      26.08,
      31.43777777777778,
      35.78666666666667,
      39.92666666666667,
      42.58888888888889
    ],
    "test_loss": [
      3.939099556283106,
      3.496905655800542,
      3.324653577200974,
      3.164088517804689,
      2.7890906394282475,
      2.796113140975373,
      2.4299879783316505,
      2.3522818480865864
    ],
    "test_acc": [
      8.67,
      15.96,
      19.89,
      24.57,
      31.76,
      31.83,
      38.41,
      39.44
    ],
    "mask_distance": [
      -1,
      0.1836734693877551,
      0.17346938775510204,
      0.09438775510204081,
      0.08418367346938775,
      0.07908163265306123,
      0.09438775510204081,
      0.08163265306122448
    ],
    "lr": [
      0.1,
      0.1,
      0.1,
      0.1,
      0.1,
      0.1,
      0.1,
      0.1
    ]
  },
  "finetune_history": {
    "epoch": [
      8,
      9,
      10,
      11,
      12,
      13,
      14,
      15,
      16,
      17,
      18,
      19,
      20,
      21,
      22,
      23,
      24,
      25,
      26,
      27,
      28,
      29,
      30,
      31,
      32,
      33,
      34,
      35,
      36,
      37,
      38,
      39,
      40,
      41,
      42,
      43,
      44,
      45,
      46,
      47,
      48,
      49,
      50,
      51,
      52,
      53,
      54,
      55,
      56,
      57,
      58,
      59,
      60,
      61,
      62,
      63,
      64,
      65,
      66,
      67,
      68,
      69,
      70,
      71,
      72,
      73,
      74,
      75,
      76,
      77,
      78,
      79,
      80,
      81,
      82,
      83,
      84,
      85,
      86,
      87,
      88,
      89,
      90,
      91,
      92,
      93,
      94,
      95,
      96,
      97,
      98,
      99,
      100,
      101,
      102,
      103,
      104,
      105,
      106,
      107,
      108,
      109,
      110,
      111,
      112,
      113,
      114,
      115,
      116,
      117,
      118,
      119,
      120,
      121,
      122,
      123,
      124,
      125,
      126,
      127,
      128,
      129,
      130,
      131,
      132,
      133,
      134,
      135,
      136,
      137,
      138,
      139,
      140,
      141,
      142,
      143,
      144,
      145,
      146,
      147,
      148,
      149,
      150,
      151,
      152,
      153,
      154,
      155,
      156,
      157,
      158,
      159,
      160
    ],
    "train_loss": [
      2.387219813059677,
      2.1618038815530864,
      2.042558475990187,
      1.9621205932714723,
      1.9080662869594314,
      1.8563922619955107,
      1.813475420529192,
      1.7764668288556011,
      1.7341264635324478,
      1.689472528005188,
      1.674545326016166,
      1.6403220157054337,
      1.6176232861524278,
      1.6093319346281616,
      1.5934402353384278,
      1.5698982663452625,
      1.55286860906265,
      1.5350350917062976,
      1.5253175977956166,
      1.5069831660525366,
      1.4930402501062914,
      1.4790646789426154,
      1.4734543765133077,
      1.4629576676948504,
      1.444176679646427,
      1.4411015784875914,
      1.435531017116525,
      1.4223077823831276,
      1.4244255633516745,
      1.4096981862729245,
      1.4009216078980402,
      1.3957381763241508,
      1.3887409557673065,
      1.3835041475566952,
      1.3854304800995372,
      1.3759446320208637,
      1.3688764177601447,
      1.3671285571022467,
      1.3523949652232907,
      1.3619137839837507,
      1.3470126610587945,
      1.3369722112335942,
      1.3354010769928044,
      1.321758475493301,
      1.320597842843695,
      1.3181488012725657,
      1.3155959675257856,
      1.3091942271725698,
      1.3135020798918875,
      1.297622337429361,
      1.3089574417946013,
      1.3059489207172936,
      1.2957782990891824,
      1.2890327041122047,
      1.2835093127055601,
      1.2969052483412353,
      1.2800079624761234,
      1.2858589548956265,
      1.2777971538969062,
      1.2697195530953733,
      1.2815781130709432,
      1.2752974212846973,
      1.267697071317922,
      1.266085769134489,
      1.2547658055343411,
      1.258316534486684,
      1.2690118539401076,
      1.2501978770914404,
      1.2605669688094745,
      1.248044115067883,
      1.256373168392615,
      1.2520990857685155,
      1.249440341510556,
      1.0101196376437491,
      0.9434219136495482,
      0.9192720395936207,
      0.9038401986048981,
      0.8907531855458563,
      0.8816831967031414,
      0.8648919525810264,
      0.8608053013343703,
      0.8595574093474583,
      0.8517286907881498,
      0.8472686740146442,
      0.8374204906550321,
      0.8408700756051324,
      0.8312656848945401,
      0.8309547227214683,
      0.8242282840338621,
      0.8242745970121839,
      0.8150382875041529,
      0.8197087582878091,
      0.8107718324119394,
      0.8107291062108495,
      0.8112723839215257,
      0.8052500140091235,
      0.7978327946568077,
      0.8010736399076201,
      0.7942095192318613,
      0.7935377029194073,
      0.7910971841351553,
      0.7849226951260458,
      0.7834669338877905,
      0.7918193526566029,
      0.7838375683535229,
      0.7834375587038018,
      0.7851582999256524,
      0.7807136361741207,
      0.772687495093454,
      0.7688168309290301,
      0.7710936508903449,
      0.77212821776894,
      0.770910544320941,
      0.7299688571048054,
      0.7167278402061625,
      0.7160778021947904,
      0.7152934706007893,
      0.7133333303711631,
      0.7140120510858569,
      0.7107562194155022,
      0.7066094955768097,
      0.7048480727455833,
      0.7036457125266845,
      0.7047997310080312,
      0.7057557302442464,
      0.7012524778362025,
      0.701298605481332,
      0.701271362264048,
      0.7031293840740215,
      0.7050889417190443,
      0.7037663912739266,
      0.7023635814813051,
      0.7013706616549329,
      0.6986366849900647,
      0.7024429529397325,
      0.700566069138321,
      0.6970694844018329,
      0.7031588766046546,
      0.6963754030452534,
      0.697904465296729,
      0.6963631223717873,
      0.6958733249286359,
      0.6940897258675911,
      0.6949442011219534,
      0.6917701720852744,
      0.6986211529848251,
      0.6930957596579735,
      0.6910091356628321,
      0.6918685829944231,
      0.6878065244210038,
      0.6889007491144267,
      0.6917442383075302,
      0.6958972431549971
    ],