{
  "config": {
    "model_name": "resnet20",
    "dataset_name": "cifar100",
    "num_classes": 100,
    "target_sparsity": 0.6,
    "num_iterations": 5,
    "epochs_per_iteration": 100,
    "batch_size": 128,
    "learning_rate": 0.1,
    "momentum": 0.9,
    "weight_decay": 0.0005,
    "seed": 42,
    "use_global_pruning": true,
    "prune_rate_per_iteration": 0.1674467925981269
  },
  "iterations": [
    {
      "iteration": 0,
      "sparsity": 0.0,
      "remaining_weights_fraction": 1.0,
      "test_accuracy": 67.88,
      "test_loss": 1.2036946838415121,
      "train_accuracy_final": 85.38444444444444,
      "train_loss_final": 0.5119081247089938,
      "best_test_accuracy": 67.88,
      "layer_sparsities": {
        "conv1": 0.0,
        "layer1.0.conv1": 0.0,
        "layer1.0.conv2": 0.0,
        "layer1.1.conv1": 0.0,
        "layer1.1.conv2": 0.0,
        "layer1.2.conv1": 0.0,
        "layer1.2.conv2": 0.0,
        "layer2.0.conv1": 0.0,
        "layer2.0.conv2": 0.0,
        "layer2.0.shortcut.0": 0.0,
        "layer2.1.conv1": 0.0,
        "layer2.1.conv2": 0.0,
        "layer2.2.conv1": 0.0,
        "layer2.2.conv2": 0.0,
        "layer3.0.conv1": 0.0,
        "layer3.0.conv2": 0.0,
        "layer3.0.shortcut.0": 0.0,
        "layer3.1.conv1": 0.0,
        "layer3.1.conv2": 0.0,
        "layer3.2.conv1": 0.0,
        "layer3.2.conv2": 0.0,
        "linear": 0.0
      }
    },
    {
      "iteration": 1,
      "sparsity": 0.16744982939101266,
      "remaining_weights_fraction": 0.8325501706089873,
      "test_accuracy": 66.94,
      "test_loss": 1.2189234570611882,
      "train_accuracy_final": 83.85555555555555,
      "train_loss_final": 0.5605729360302741,
      "best_test_accuracy": 67.02,
      "layer_sparsities": {
        "conv1": 0.125,
        "layer1.0.conv1": 0.2973090277777778,
        "layer1.0.conv2": 0.3042534722222222,
        "layer1.1.conv1": 0.21788194444444445,
        "layer1.1.conv2": 0.3216145833333333,
        "layer1.2.conv1": 0.1792534722222222,
        "layer1.2.conv2": 0.16883680555555555,
        "layer2.0.conv1": 0.15538194444444445,
        "layer2.0.conv2": 0.1560329861111111,
        "layer2.0.shortcut.0": 0.154296875,
        "layer2.1.conv1": 0.1518012152777778,
        "layer2.1.conv2": 0.15755208333333334,
        "layer2.2.conv1": 0.1362847222222222,
        "layer2.2.conv2": 0.1667751736111111,
        "layer3.0.conv1": 0.1455078125,
        "layer3.0.conv2": 0.153564453125,
        "layer3.0.shortcut.0": 0.1103515625,
        "layer3.1.conv1": 0.1508246527777778,
        "layer3.1.conv2": 0.1652560763888889,
        "layer3.2.conv1": 0.15104166666666666,
        "layer3.2.conv2": 0.24283854166666666,
        "linear": 0.03484375
      }
    },
    {
      "iteration": 2,
      "sparsity": 0.3068612283847088,
      "remaining_weights_fraction": 0.6931387716152912,
      "test_accuracy": 66.47,
      "test_loss": 1.2175584111032607,
      "train_accuracy_final": 82.16444444444444,
      "train_loss_final": 0.616509639065374,
      "best_test_accuracy": 66.47,
      "layer_sparsities": {
        "conv1": 0.16435185185185186,
        "layer1.0.conv1": 0.3875868055555556,
        "layer1.0.conv2": 0.390625,
        "layer1.1.conv1": 0.3441840277777778,
        "layer1.1.conv2": 0.4340277777777778,
        "layer1.2.conv1": 0.3237847222222222,
        "layer1.2.conv2": 0.3841145833333333,
        "layer2.0.conv1": 0.2901475694444444,
        "layer2.0.conv2": 0.2970920138888889,
        "layer2.0.shortcut.0": 0.26953125,
        "layer2.1.conv1": 0.2838541666666667,
        "layer2.1.conv2": 0.2951388888888889,
        "layer2.2.conv1": 0.2647569444444444,
        "layer2.2.conv2": 0.3026258680555556,
        "layer3.0.conv1": 0.2748480902777778,
        "layer3.0.conv2": 0.2888997395833333,
        "layer3.0.shortcut.0": 0.20361328125,
        "layer3.1.conv1": 0.2841525607638889,
        "layer3.1.conv2": 0.3060438368055556,
        "layer3.2.conv1": 0.288330078125,
        "layer3.2.conv2": 0.4287923177083333,
        "linear": 0.07859375
      }
    },
    {
      "iteration": 3,
      "sparsity": 0.4229295587299751,
      "remaining_weights_fraction": 0.5770704412700249,
      "test_accuracy": 66.0,
      "test_loss": 1.2324845579606067,
      "train_accuracy_final": 79.98444444444445,
      "train_loss_final": 0.6927715810015798,
      "best_test_accuracy": 66.0,
      "layer_sparsities": {
        "conv1": 0.32175925925925924,
        "layer1.0.conv1": 0.5607638888888888,
        "layer1.0.conv2": 0.5125868055555556,
        "layer1.1.conv1": 0.4470486111111111,
        "layer1.1.conv2": 0.5143229166666666,
        "layer1.2.conv1": 0.4288194444444444,
        "layer1.2.conv2": 0.4696180555555556,
        "layer2.0.conv1": 0.3865017361111111,
        "layer2.0.conv2": 0.4130859375,
        "layer2.0.shortcut.0": 0.357421875,
        "layer2.1.conv1": 0.3967013888888889,
        "layer2.1.conv2": 0.4075520833333333,
        "layer2.2.conv1": 0.37109375,
        "layer2.2.conv2": 0.4154730902777778,
        "layer3.0.conv1": 0.3837890625,
        "layer3.0.conv2": 0.4009060329861111,
        "layer3.0.shortcut.0": 0.287109375,
        "layer3.1.conv1": 0.3950737847222222,
        "layer3.1.conv2": 0.4219563802083333,
        "layer3.2.conv1": 0.39892578125,
        "layer3.2.conv2": 0.5878634982638888,
        "linear": 0.115625
      }
    },
    {
      "iteration": 4,
      "sparsity": 0.5195621999884333,
      "remaining_weights_fraction": 0.48043780001156666,
      "test_accuracy": 65.61,
      "test_loss": 1.228023501136635,
      "train_accuracy_final": 78.78666666666666,
      "train_loss_final": 0.7320056096227332,
      "best_test_accuracy": 65.69,
      "layer_sparsities": {
        "conv1": 0.34953703703703703,
        "layer1.0.conv1": 0.6306423611111112,
        "layer1.0.conv2": 0.5868055555555556,
        "layer1.1.conv1": 0.5403645833333334,
        "layer1.1.conv2": 0.5946180555555556,
        "layer1.2.conv1": 0.5269097222222222,
        "layer1.2.conv2": 0.6067708333333334,
        "layer2.0.conv1": 0.4848090277777778,
        "layer2.0.conv2": 0.5177951388888888,
        "layer2.0.shortcut.0": 0.4453125,
        "layer2.1.conv1": 0.4981553819444444,
        "layer2.1.conv2": 0.4963107638888889,
        "layer2.2.conv1": 0.4692925347222222,
        "layer2.2.conv2": 0.5123697916666666,
        "layer3.0.conv1": 0.4833984375,
        "layer3.0.conv2": 0.5008951822916666,
        "layer3.0.shortcut.0": 0.37890625,
        "layer3.1.conv1": 0.4881184895833333,
        "layer3.1.conv2": 0.5152723524305556,
        "layer3.2.conv1": 0.4946017795138889,
        "layer3.2.conv2": 0.69873046875,
        "linear": 0.153125
      }
    },
    {
      "iteration": 5,
      "sparsity": 0.6000122896304436,
      "remaining_weights_fraction": 0.3999877103695564,
      "test_accuracy": 64.5,
      "test_loss": 1.2834942899172819,
      "train_accuracy_final": 75.98222222222222,
      "train_loss_final": 0.8210141435265541,
      "best_test_accuracy": 64.6,
      "layer_sparsities": {
        "conv1": 0.4351851851851852,
        "layer1.0.conv1": 0.6974826388888888,
        "layer1.0.conv2": 0.6723090277777778,
        "layer1.1.conv1": 0.6193576388888888,
        "layer1.1.conv2": 0.66796875,
        "layer1.2.conv1": 0.5998263888888888,
        "layer1.2.conv2": 0.6744791666666666,
        "layer2.0.conv1": 0.5703125,
        "layer2.0.conv2": 0.5932074652777778,
        "layer2.0.shortcut.0": 0.53125,
        "layer2.1.conv1": 0.5766059027777778,
        "layer2.1.conv2": 0.5762803819444444,
        "layer2.2.conv1": 0.5458984375,
        "layer2.2.conv2": 0.5941840277777778,
        "layer3.0.conv1": 0.5650499131944444,
        "layer3.0.conv2": 0.5828450520833334,
        "layer3.0.shortcut.0": 0.45751953125,
        "layer3.1.conv1": 0.5694173177083334,
        "layer3.1.conv2": 0.5980088975694444,
        "layer3.2.conv1": 0.5744086371527778,