{
  "config": {
    "algorithm": "earlybird_resnet",
    "model": "resnet20",
    "dataset": "cifar10",
    "seed": 42,
    "target_sparsity": 0.3,
    "total_epochs": 160,
    "batch_size": 128,
    "learning_rate": 0.1,
    "lr_milestones": [
      80,
      120
    ],
    "lr_gamma": 0.1,
    "momentum": 0.9,
    "weight_decay": 0.0001,
    "l1_coef": 0.0001,
    "distance_threshold": 0.1,
    "patience": 5,
    "pruning_method": "global"
  },
  "final_results": {
    "converged": true,
    "convergence_epoch": 16,
    "best_test_accuracy": 89.94,
    "test_accuracy_at_convergence": 49.25,
    "final_sparsity": 0.3232258539458186
  },
  "search_history": {
    "epoch": [
      0,
      1,
      2,
      3,
      4,
      5,
      6,
      7,
      8,
      9,
      10,
      11,
      12,
      13,
      14,
      15,
      16
    ],
    "train_loss": [
      1.760300384627448,
      1.325650283993615,
      1.0261477868821887,
      0.8635593463261922,
      0.7471453336715699,
      0.6783045836766561,
      0.6262596378114489,
      0.5801672843403286,
      0.5491114017274644,
      0.5200103346877628,
      0.49708594912423026,
      0.4822005555788676,
      0.4666614426083035,
      0.4472884900728861,
      0.4337377591345045,
      0.42174997772110834,
      0.4143875274181366
    ],
    "train_acc": [
      33.90888888888889,
      51.42444444444445,
      63.14666666666667,
      69.60222222222222,
      74.17777777777778,
      76.6,
      78.32,
      80.08888888888889,
      81.04444444444445,
      82.18444444444444,
      82.78666666666666,
      83.58222222222223,
      84.02,
      84.70666666666666,
      85.00444444444445,
      85.36,
      85.64666666666666
    ],
    "test_loss": [
      1.5158962720557103,
      1.1471987683561784,
      1.2815950384622887,
      0.8888253501698941,
      0.7336049849473978,
      0.7352652353576467,
      0.792552338370794,
      0.7024106579490855,
      0.6773565943482556,
      0.599977070017706,
      0.6530673266211643,
      0.6269144332861598,
      0.6522016427184962,
      0.6635691376426552,
      0.639153495242324,
      0.6506498640851129,
      0.5457781338239018
    ],
    "test_acc": [
      42.96,
      59.43,
      57.89,
      69.72,
      74.3,
      75.51,
      72.75,
      75.58,
      78.18,
      80.01,
      79.0,
      79.78,
      79.29,
      78.9,
      79.43,
      79.64,
      81.27
    ],
    "mask_distance": [
      -1,
      0.15816326530612246,
      0.14030612244897958,
      0.11989795918367346,
      0.125,
      0.09183673469387756,
      0.09948979591836735,
      0.09948979591836735,
      0.10714285714285714,
      0.10459183673469388,
      0.09183673469387756,
      0.10459183673469388,
      0.09183673469387756,
      0.08163265306122448,
      0.07908163265306123,
      0.09693877551020408,
      0.07908163265306123
    ],
    "lr": [
      0.1,
      0.1,
      0.1,
      0.1,
      0.1,
      0.1,
      0.1,
      0.1,
      0.1,
      0.1,
      0.1,
      0.1,
      0.1,
      0.1,
      0.1,
      0.1,
      0.1
    ]
  },
  "finetune_history": {
    "epoch": [
      17,
      18,
      19,
      20,
      21,
      22,
      23,
      24,
      25,
      26,
      27,
      28,
      29,
      30,
      31,
      32,
      33,
      34,
      35,
      36,
      37,
      38,
      39,
      40,
      41,
      42,
      43,
      44,
      45,
      46,
      47,
      48,
      49,
      50,
      51,
      52,
      53,
      54,
      55,
      56,
      57,
      58,
      59,
      60,
      61,
      62,
      63,
      64,
      65,
      66,
      67,
      68,
      69,
      70,
      71,
      72,
      73,
      74,
      75,
      76,
      77,
      78,
      79,
      80,
      81,
      82,
      83,
      84,
      85,
      86,
      87,
      88,
      89,
      90,
      91,
      92,
      93,
      94,
      95,
      96,
      97,
      98,
      99,
      100,
      101,
      102,
      103,
      104,
      105,
      106,
      107,
      108,
      109,
      110,
      111,
      112,
      113,
      114,
      115,
      116,
      117,
      118,
      119,
      120,
      121,
      122,
      123,
      124,
      125,
      126,
      127,
      128,
      129,
      130,
      131,
      132,
      133,
      134,
      135,
      136,
      137,
      138,
      139,
      140,
      141,
      142,
      143,
      144,
      145,
      146,
      147,
      148,
      149,
      150,
      151,
      152,
      153,
      154,
      155,
      156,
      157,
      158,
      159,
      160
    ],